"ID","Date","Method_EN","Ti.1_So.2_Ha.3","Crop.type","Main.crop.or.cover.crop","Country","Farm","Crop"
248,"2019-10-23","Harvesting",3,"Potatoes","Main crop","NL","Valthermond","Summer crop"
248,"2019-04-30","Sowing",2,"Potatoes","Main crop","NL","Valthermond","Summer crop"
248,"2020-09-02","Harvesting",3,"Summer wheat","Main crop","NL","Valthermond","Summer crop"
248,"2020-04-22","Sowing",2,"Summer wheat","Main crop","NL","Valthermond","Summer crop"
248,"2021-11-03","Harvesting",3,"Potatoes","Main crop","NL","Valthermond","Summer crop"
248,"2021-04-29","Sowing",2,"Potatoes","Main crop","NL","Valthermond","Summer crop"
248,"2022-11-14","Harvesting",3,"Sugar beet","Main crop","NL","Valthermond","Summer crop"
248,"2022-04-29","Sowing",2,"Sugar beet","Main crop","NL","Valthermond","Summer crop"
248,"2023-10-27","Harvesting",3,"Potatoes","Main crop","NL","Valthermond","Summer crop"
248,"2023-05-05","Sowing",2,"Potatoes","Main crop","NL","Valthermond","Summer crop"
249,"2022-04-22","Sowing",2,"Seed onion","Main crop","NL","Valthermond","Summer crop"
250,"2024-10-29","Harvesting",3,"Potatoes","Main crop","NL","Valthermond","Summer crop"
250,"2024-05-13","Sowing",2,"Potatoes","Main crop","NL","Valthermond","Summer crop"
315,"2023-11-22","Harvesting",3,"Sugar beet","Main crop","NL","Valthermond","Summer crop"
315,"2023-05-04","Sowing",2,"Sugar beet","Main crop","NL","Valthermond","Summer crop"
315,"2019-11-07","Harvesting",3,"Sugar beet","Main crop","NL","Valthermond","Summer crop"
315,"2019-04-19","Sowing",2,"Sugar beet","Main crop","NL","Valthermond","Summer crop"
316,"2021-08-14","Harvesting",3,"Summer barley","Main crop","NL","Valthermond","Summer crop"
316,"2021-09-10","Sowing",2,"Fodder radish","Cover crop","NL","Valthermond","Cover crop"
316,"2021-04-16","Sowing",2,"Summer barley","Main crop","NL","Valthermond","Summer crop"
317,"2024-07-31","Harvesting",3,"Summer barley","Main crop","NL","Valthermond","Summer crop"
317,"2024-08-23","Sowing",2,"Fodder radish","Cover crop","NL","Valthermond","Cover crop"
317,"2024-04-12","Sowing",2,"Summer barley","Main crop","NL","Valthermond","Summer crop"
317,"2022-10-25","Harvesting",3,"Sugar beet","Main crop","NL","Valthermond","Summer crop"
317,"2022-04-26","Sowing",2,"Sugar beet","Main crop","NL","Valthermond","Summer crop"
317,"2019-10-29","Harvesting",3,"Potatoes","Main crop","NL","Valthermond","Summer crop"
317,"2019-04-25","Sowing",2,"Potatoes","Main crop","NL","Valthermond","Summer crop"
318,"2023-08-11","Harvesting",3,"Winter wheat","Main crop","NL","Valthermond","Winter crop"
318,"2023-09-07","Sowing",2,"Fodder radish","Cover crop","NL","Valthermond","Cover crop"
318,"2022-11-09","Sowing",2,"Winter wheat","Main crop","NL","Valthermond","Winter crop"
318,"2021-11-18","Harvesting",3,"Sugar beet","Main crop","NL","Valthermond","Summer crop"
318,"2021-04-26","Sowing",2,"Sugar beet","Main crop","NL","Valthermond","Summer crop"
336,"2023-11-07","Harvesting",3,"Sugar beet","Main crop","NL","Valthermond","Summer crop"
336,"2023-05-04","Sowing",2,"Sugar beet","Main crop","NL","Valthermond","Summer crop"
336,"2022-10-19","Harvesting",3,"Potatoes","Main crop","NL","Valthermond","Summer crop"
336,"2022-05-05","Sowing",2,"Potatoes","Main crop","NL","Valthermond","Summer crop"
336,"2021-10-15","Harvesting",3,"Corn silage","Main crop","NL","Valthermond","Summer crop"
336,"2021-06-29","Sowing",2,"Ryegrass","Cover crop","NL","Valthermond","Cover crop"
336,"2020-10-14","Harvesting",3,"Potatoes","Main crop","NL","Valthermond","Summer crop"
336,"2020-04-20","Sowing",2,"Potatoes","Main crop","NL","Valthermond","Summer crop"
336,"2019-08-05","Harvesting",3,"Summer barley","Main crop","NL","Valthermond","Summer crop"
336,"2019-04-11","Sowing",2,"Summer barley","Main crop","NL","Valthermond","Summer crop"
337,"2023-10-05","Harvesting",3,"Corn silage","Main crop","NL","Valthermond","Summer crop"
337,"2023-07-03","Sowing",2,"Ryegrass","Cover crop","NL","Valthermond","Cover crop"
337,"2023-05-25","Sowing",2,"Corn silage","Main crop","NL","Valthermond","Summer crop"
337,"2022-10-25","Harvesting",3,"Sugar beet","Main crop","NL","Valthermond","Summer crop"
337,"2022-04-26","Sowing",2,"Sugar beet","Main crop","NL","Valthermond","Summer crop"
337,"2021-10-18","Harvesting",3,"Potatoes","Main crop","NL","Valthermond","Summer crop"
337,"2021-05-12","Sowing",2,"Potatoes","Main crop","NL","Valthermond","Summer crop"
337,"2020-05-01","Sowing",2,"Summer barley","Main crop","NL","Valthermond","Summer crop"
337,"2019-10-28","Harvesting",3,"Potatoes","Main crop","NL","Valthermond","Summer crop"
337,"2019-04-24","Sowing",2,"Potatoes","Main crop","NL","Valthermond","Summer crop"
343,"2022-09-26","Harvesting",3,"Corn silage","Main crop","NL","Valthermond","Summer crop"
343,"2022-07-07","Sowing",2,"Ryegrass","Cover crop","NL","Valthermond","Cover crop"
343,"2022-05-20","Sowing",2,"Corn silage","Main crop","NL","Valthermond","Summer crop"
344,"2023-12-01","Harvesting",3,"Potatoes","Main crop","NL","Valthermond","Summer crop"
344,"2023-05-08","Sowing",2,"Potatoes","Main crop","NL","Valthermond","Summer crop"
344,"2022-08-11","Harvesting",3,"Summer barley","Main crop","NL","Valthermond","Summer crop"
344,"2022-09-14","Sowing",2,"Fodder radish","Cover crop","NL","Valthermond","Cover crop"
344,"2022-04-22","Sowing",2,"Summer barley","Main crop","NL","Valthermond","Summer crop"
344,"2021-10-27","Harvesting",3,"Potatoes","Main crop","NL","Valthermond","Summer crop"
344,"2021-05-14","Sowing",2,"Potatoes","Main crop","NL","Valthermond","Summer crop"
344,"2020-11-25","Harvesting",3,"Sugar beet","Main crop","NL","Valthermond","Summer crop"
344,"2020-04-17","Sowing",2,"Sugar beet","Main crop","NL","Valthermond","Summer crop"
279,"2024-08-01","Harvesting",3,"Summer barley","Main crop","NL","Unifarm","Summer crop"
279,"2024-09-23","Sowing",2,"Other","Cover crop","NL","Unifarm","Cover crop"
279,"2024-04-23","Sowing",2,"Summer barley","Main crop","NL","Unifarm","Summer crop"
279,"2023-10-04","Harvesting",3,"Corn","Main crop","NL","Unifarm","Summer crop"
279,"2023-05-30","Sowing",2,"Corn","Main crop","NL","Unifarm","Summer crop"
280,"2023-08-11","Harvesting",3,"Winter wheat","Main crop","NL","Unifarm","Winter crop"
280,"2022-12-07","Sowing",2,"Winter wheat","Main crop","NL","Unifarm","Winter crop"
280,"2023-09-07","Sowing",2,"Other","Cover crop","NL","Unifarm","Cover crop"
281,"2024-08-01","Harvesting",3,"Winter wheat","Main crop","NL","Unifarm","Winter crop"
281,"2024-09-04","Sowing",2,"Other","Cover crop","NL","Unifarm","Cover crop"
281,"2024-01-18","Sowing",2,"Winter wheat","Main crop","NL","Unifarm","Winter crop"
282,"2023-07-10","Harvesting",3,"Winter barley","Main crop","NL","Unifarm","Winter crop"
282,"2024-09-20","Harvesting",3,"Sugar beet","Main crop","NL","Unifarm","Summer crop"
282,"2024-09-26","Sowing",2,"Fodder radish","Cover crop","NL","Unifarm","Cover crop"
282,"2024-04-30","Sowing",2,"Sugar beet","Main crop","NL","Unifarm","Summer crop"
282,"2022-10-10","Sowing",2,"Winter barley","Main crop","NL","Unifarm","Winter crop"
283,"2023-09-07","Harvesting",3,"Summer barley","Main crop","NL","Unifarm","Summer crop"
283,"2023-09-12","Sowing",2,"Other","Cover crop","NL","Unifarm","Cover crop"
283,"2023-05-26","Sowing",2,"Summer barley","Main crop","NL","Unifarm","Summer crop"
284,"2023-12-07","Harvesting",3,"Sugar beet","Main crop","NL","Unifarm","Summer crop"
284,"2024-09-19","Sowing",2,"Other","Cover crop","NL","Unifarm","Cover crop"
284,"2023-04-20","Sowing",2,"Sugar beet","Main crop","NL","Unifarm","Summer crop"
284,"2024-04-10","Sowing",2,"Summer triticale","Main crop","NL","Unifarm","Summer crop"
285,"2023-10-02","Harvesting",3,"Potatoes","Main crop","NL","Unifarm","Summer crop"
285,"2023-05-25","Sowing",2,"Potatoes","Main crop","NL","Unifarm","Summer crop"
285,"2023-07-13","Sowing",2,"Other","Cover crop","NL","Unifarm","Cover crop"
286,"2024-07-08","Harvesting",3,"Rapeseed","Main crop","NL","Unifarm","Winter crop"
286,"2024-08-30","Sowing",2,"Mixture","Cover crop","NL","Unifarm","Cover crop"
286,"2023-08-24","Sowing",2,"Rapeseed","Main crop","NL","Unifarm","Winter crop"
287,"2023-10-04","Harvesting",3,"Sugar beet","Main crop","NL","Unifarm","Summer crop"
287,"2023-10-16","Sowing",2,"Fodder radish","Cover crop","NL","Unifarm","Cover crop"
287,"2023-04-18","Sowing",2,"Sugar beet","Main crop","NL","Unifarm","Summer crop"
287,"2024-05-13","Sowing",2,"Potatoes","Main crop","NL","Unifarm","Summer crop"
287,"2024-10-15","Sowing",2,"Other","Cover crop","NL","Unifarm","Cover crop"
288,"2023-09-15","Harvesting",3,"Summer barley","Main crop","NL","Unifarm","Summer crop"
288,"2024-07-09","Harvesting",3,"Winter barley","Main crop","NL","Unifarm","Winter crop"
288,"2024-07-25","Sowing",2,"Mixture","Cover crop","NL","Unifarm","Cover crop"
289,"2024-07-09","Harvesting",3,"Winter barley","Main crop","NL","Unifarm","Winter crop"
289,"2023-09-26","Harvesting",3,"Corn silage","Main crop","NL","Unifarm","Summer crop"
289,"2024-07-22","Sowing",2,"Mixture","Cover crop","NL","Unifarm","Cover crop"
289,"2023-05-16","Sowing",2,"Corn silage","Main crop","NL","Unifarm","Summer crop"
290,"2023-09-07","Harvesting",3,"Summer barley","Main crop","NL","Unifarm","Summer crop"
290,"2024-07-09","Harvesting",3,"Winter barley","Main crop","NL","Unifarm","Winter crop"
290,"2024-07-22","Sowing",2,"Mixture","Cover crop","NL","Unifarm","Cover crop"
290,"2023-05-25","Sowing",2,"Summer barley","Main crop","NL","Unifarm","Summer crop"
291,"2023-09-20","Harvesting",3,"Corn silage","Main crop","NL","Unifarm","Summer crop"
291,"2023-07-13","Sowing",2,"Other","Cover crop","NL","Unifarm","Cover crop"
291,"2023-05-16","Sowing",2,"Corn silage","Main crop","NL","Unifarm","Summer crop"
291,"2023-10-11","Sowing",2,"Other","Cover crop","NL","Unifarm","Cover crop"
292,"2024-07-19","Harvesting",3,"Winter barley","Main crop","NL","Unifarm","Winter crop"
292,"2023-11-08","Sowing",2,"Winter barley","Cover crop","NL","Unifarm","Winter crop"
292,"2024-09-10","Sowing",2,"Mixture","Cover crop","NL","Unifarm","Cover crop"
292,"2024-03-22","Sowing",2,"Summer barley","Main crop","NL","Unifarm","Summer crop"
293,"2023-11-08","Sowing",2,"Winter rye","Main crop","NL","Unifarm","Winter crop"
295,"2023-05-09","Sowing",2,"Oat","Main crop","NL","Unifarm","Cover crop"
295,"2023-10-09","Sowing",2,"Other","Undersowing","NL","Unifarm","Cover crop"
296,"2023-08-14","Harvesting",3,"Summer barley","Main crop","NL","Unifarm","Summer crop"
296,"2023-09-01","Sowing",2,"Other","Cover crop","NL","Unifarm","Cover crop"
296,"2023-04-05","Sowing",2,"Summer barley","Main crop","NL","Unifarm","Summer crop"
296,"2024-08-01","Harvesting",3,"Summer barley","Main crop","NL","Unifarm","Summer crop"
296,"2024-04-25","Sowing",2,"Summer barley","Main crop","NL","Unifarm","Summer crop"
297,"2023-08-10","Harvesting",3,"Winter wheat","Main crop","NL","Unifarm","Winter crop"
297,"2022-12-08","Sowing",2,"Winter wheat","Main crop","NL","Unifarm","Winter crop"
297,"2023-09-07","Sowing",2,"Other","Cover crop","NL","Unifarm","Cover crop"
298,"2023-08-10","Harvesting",3,"Winter wheat","Main crop","NL","Unifarm","Winter crop"
298,"2022-12-08","Sowing",2,"Winter wheat","Main crop","NL","Unifarm","Winter crop"
298,"2023-09-07","Sowing",2,"Other","Cover crop","NL","Unifarm","Cover crop"
298,"2024-05-14","Sowing",2,"Potatoes","Main crop","NL","Unifarm","Summer crop"
298,"2024-10-16","Harvesting",3,"Potatoes","Main crop","NL","Unifarm","Summer crop"
299,"2023-08-10","Harvesting",3,"Winter wheat","Main crop","NL","Unifarm","Winter crop"
299,"2023-09-08","Sowing",2,"Other","Cover crop","NL","Unifarm","Cover crop"
299,"2024-06-06","Sowing",2,"Corn silage","Main crop","NL","Unifarm","Summer crop"
300,"2024-09-27","Harvesting",3,"Sugar beet","Main crop","NL","Unifarm","Summer crop"
300,"2024-11-05","Sowing",2,"Winter wheat","Cover crop","NL","Unifarm","Winter crop"
300,"2024-04-30","Sowing",2,"Sugar beet","Main crop","NL","Unifarm","Summer crop"
301,"2024-08-01","Harvesting",3,"Summer barley","Main crop","NL","Unifarm","Summer crop"
301,"2024-08-19","Sowing",2,"Other","Cover crop","NL","Unifarm","Cover crop"
301,"2024-04-11","Sowing",2,"Summer barley","Main crop","NL","Unifarm","Summer crop"
302,"2024-05-02","Sowing",2,"Corn silage","Main crop","NL","Unifarm","Summer crop"
302,"2024-10-25","Sowing",2,"Other","Cover crop","NL","Unifarm","Cover crop"
303,"2024-07-31","Harvesting",3,"Winter wheat","Main crop","NL","Unifarm","Winter crop"
303,"2024-09-06","Sowing",2,"Mixture","Cover crop","NL","Unifarm","Cover crop"
303,"2023-10-12","Sowing",2,"Winter wheat","Main crop","NL","Unifarm","Winter crop"
303,"2024-03-22","Sowing",2,"Other","Undersowing","NL","Unifarm","Cover crop"
297,"2024-06-06","Sowing",2,"Corn silage","Main crop","NL","Unifarm","Summer crop"
300,"2023-09-15","Harvesting",3,"Summer barley","Main crop","NL","Unifarm","Summer crop"
300,"2023-05-31","Sowing",2,"Summer barley","Main crop","NL","Unifarm","Summer crop"
304,"2024-07-31","Harvesting",3,"Winter wheat","Main crop","NL","Unifarm","Winter crop"
304,"2023-12-06","Harvesting",3,"Sugar beet","Main crop","NL","Unifarm","Summer crop"
304,"2023-04-19","Sowing",2,"Sugar beet","Main crop","NL","Unifarm","Summer crop"
304,"2024-03-22","Sowing",2,"Summer wheat","Undersowing","NL","Unifarm","Summer crop"
305,"2024-07-30","Harvesting",3,"Winter wheat","Main crop","NL","Unifarm","Winter crop"
305,"2024-09-17","Sowing",2,"Winter wheat","Main crop","NL","Unifarm","Winter crop"
305,"2023-10-10","Sowing",2,"Winter wheat","Main crop","NL","Unifarm","Winter crop"
306,"2024-07-30","Harvesting",3,"Winter wheat","Main crop","NL","Unifarm","Winter crop"
306,"2024-09-17","Sowing",2,"Winter wheat","Main crop","NL","Unifarm","Winter crop"
306,"2023-10-10","Sowing",2,"Winter wheat","Main crop","NL","Unifarm","Winter crop"
307,"2024-07-30","Harvesting",3,"Winter wheat","Main crop","NL","Unifarm","Winter crop"
307,"2024-09-17","Sowing",2,"Winter wheat","Main crop","NL","Unifarm","Winter crop"
307,"2023-10-10","Sowing",2,"Winter wheat","Main crop","NL","Unifarm","Winter crop"
308,"2024-08-22","Mowing",3,"Winter barley","Main crop","NL","Unifarm","Winter crop"
308,"2024-09-10","Sowing",2,"Mixture","Cover crop","NL","Unifarm","Cover crop"
308,"2024-05-01","Sowing",2,"Summer barley","Main crop","NL","Unifarm","Summer crop"
308,"2023-10-02","Sowing",2,"Rapeseed","Main crop","NL","Unifarm","Winter crop"
309,"2024-07-09","Harvesting",3,"Winter barley","Main crop","NL","Unifarm","Winter crop"
309,"2024-09-10","Sowing",2,"Winter barley","Main crop","NL","Unifarm","Winter crop"
309,"2023-10-03","Sowing",2,"Winter barley","Main crop","NL","Unifarm","Winter crop"
310,"2024-07-09","Harvesting",3,"Winter barley","Main crop","NL","Unifarm","Winter crop"
310,"2024-09-10","Sowing",2,"Winter barley","Main crop","NL","Unifarm","Winter crop"
310,"2023-10-04","Sowing",2,"Winter barley","Main crop","NL","Unifarm","Winter crop"
311,"2024-10-22","Harvesting",3,"Sugar beet","Main crop","NL","Unifarm","Summer crop"
311,"2024-04-15","Sowing",2,"Sugar beet","Main crop","NL","Unifarm","Summer crop"
311,"2024-11-08","Sowing",2,"Other","Undersowing","NL","Unifarm","Cover crop"
312,"2023-10-26","Harvesting",3,"Corn silage","Main crop","NL","Unifarm","Summer crop"
312,"2024-10-22","Harvesting",3,"Sugar beet","Main crop","NL","Unifarm","Summer crop"
312,"2024-04-11","Sowing",2,"Sugar beet","Main crop","NL","Unifarm","Summer crop"
312,"2023-05-25","Sowing",2,"Corn silage","Main crop","NL","Unifarm","Summer crop"
312,"2024-11-08","Sowing",2,"Other","Undersowing","NL","Unifarm","Cover crop"
312,"2023-06-12","Sowing",2,"Other","Undersowing","NL","Unifarm","Cover crop"
313,"2023-10-26","Harvesting",3,"Corn silage","Main crop","NL","Unifarm","Summer crop"
313,"2024-10-22","Harvesting",3,"Sugar beet","Main crop","NL","Unifarm","Summer crop"
313,"2024-04-11","Sowing",2,"Sugar beet","Main crop","NL","Unifarm","Summer crop"
313,"2023-05-25","Sowing",2,"Corn silage","Main crop","NL","Unifarm","Summer crop"
313,"2023-06-12","Sowing",2,"Corn silage","Main crop","NL","Unifarm","Summer crop"
314,"2023-07-25","Harvesting",3,"Winter wheat","Main crop","NL","Unifarm","Winter crop"
314,"2024-10-23","Harvesting",3,"Sugar beet","Main crop","NL","Unifarm","Summer crop"
314,"2023-09-15","Sowing",2,"Mixture","Cover crop","NL","Unifarm","Cover crop"
314,"2024-04-15","Sowing",2,"Sugar beet","Main crop","NL","Unifarm","Summer crop"
314,"2022-11-02","Sowing",2,"Winter wheat","Main crop","NL","Unifarm","Winter crop"
314,"2024-11-05","Sowing",2,"Other","Undersowing","NL","Unifarm","Cover crop"
319,"2023-08-14","Harvesting",3,"Summer wheat","Main crop","NL","Unifarm","Summer crop"
319,"2024-09-20","Harvesting",3,"Sugar beet","Main crop","NL","Unifarm","Summer crop"
319,"2024-09-26","Sowing",2,"Fodder radish","Cover crop","NL","Unifarm","Cover crop"
319,"2023-08-28","Sowing",2,"Other","Cover crop","NL","Unifarm","Cover crop"
319,"2024-04-08","Sowing",2,"Sugar beet","Main crop","NL","Unifarm","Summer crop"
319,"2023-04-05","Sowing",2,"Summer wheat","Main crop","NL","Unifarm","Summer crop"
320,"2023-09-26","Harvesting",3,"Corn silage","Main crop","NL","Unifarm","Summer crop"
320,"2023-05-22","Sowing",2,"Corn silage","Main crop","NL","Unifarm","Summer crop"
322,"2024-05-21","Sowing",2,"Corn silage","Main crop","NL","Unifarm","Summer crop"
322,"2023-05-04","Sowing",2,"Faba bean","Main crop","NL","Unifarm","Summer crop"
322,"2024-10-14","Sowing",2,"Other","Undersowing","NL","Unifarm","Cover crop"
322,"2023-05-25","Sowing",2,"Other","Undersowing","NL","Unifarm","Cover crop"
321,"2024-07-09","Harvesting",3,"Winter barley","Main crop","NL","Unifarm","Winter crop"
321,"2023-11-07","Sowing",2,"Winter barley","Main crop","NL","Unifarm","Winter crop"
321,"2024-08-15","Sowing",2,"Buckwheat, fodder radish","Cover crop","NL","Unifarm","Cover crop"
321,"2024-08-27","Sowing",2,"Buckwheat, fodder radish","Cover crop","NL","Unifarm","Cover crop"
321,"2023-05-04","Sowing",2,"Lupine","Main crop","NL","Unifarm","Summer crop"
321,"2023-05-17","Sowing",2,"Lupine","Undersowing","NL","Unifarm","Summer crop"
323,"2023-07-10","Harvesting",3,"Winter barley","Main crop","NL","Unifarm","Winter crop"
323,"2024-09-30","Sowing",2,"Mixture","Cover crop","NL","Unifarm","Cover crop"
323,"2023-08-01","Sowing",2,"Other","Cover crop","NL","Unifarm","Cover crop"
323,"2024-05-02","Sowing",2,"Corn silage","Main crop","NL","Unifarm","Summer crop"
323,"2022-10-07","Sowing",2,"Winter barley","Main crop","NL","Unifarm","Winter crop"
324,"2024-10-31","Aboveground removal",3,"Potatoes","Main crop","NL","Unifarm","Summer crop"
324,"2023-07-18","Harvesting",3,"Winter wheat","Main crop","NL","Unifarm","Winter crop"
324,"2024-05-10","Sowing",2,"Potatoes","Main crop","NL","Unifarm","Summer crop"
324,"2023-08-15","Sowing",2,"Other","Cover crop","NL","Unifarm","Cover crop"
324,"2022-10-28","Sowing",2,"Winter wheat","Main crop","NL","Unifarm","Winter crop"
324,"2024-11-07","Sowing",2,"Other","Undersowing","NL","Unifarm","Cover crop"
325,"2024-06-12","Sowing",2,"Potatoes","Main crop","NL","Unifarm","Summer crop"
326,"2024-07-31","Harvesting",3,"Winter wheat","Main crop","NL","Unifarm","Winter crop"
326,"2023-10-04","Harvesting",3,"Corn silage","Main crop","NL","Unifarm","Summer crop"
326,"2024-08-16","Sowing",2,"Other","Cover crop","NL","Unifarm","Cover crop"
326,"2023-07-13","Sowing",2,"Other","Cover crop","NL","Unifarm","Cover crop"
326,"2024-01-19","Sowing",2,"Winter wheat","Main crop","NL","Unifarm","Winter crop"
326,"2023-06-05","Sowing",2,"Corn silage","Main crop","NL","Unifarm","Summer crop"
327,"2023-08-10","Harvesting",3,"Winter wheat","Main crop","NL","Unifarm","Winter crop"
327,"2024-09-27","Harvesting",3,"Sugar beet","Main crop","NL","Unifarm","Summer crop"
327,"2024-10-17","Sowing",2,"Other","Cover crop","NL","Unifarm","Cover crop"
327,"2023-07-13","Sowing",2,"Other","Cover crop","NL","Unifarm","Cover crop"
327,"2023-09-15","Sowing",2,"Other","Cover crop","NL","Unifarm","Cover crop"
327,"2024-05-14","Sowing",2,"Sugar beet","Main crop","NL","Unifarm","Summer crop"
327,"2022-10-27","Sowing",2,"Winter wheat","Main crop","NL","Unifarm","Winter crop"
327,"2024-11-15","Sowing",2,"Other","Undersowing","NL","Unifarm","Cover crop"
328,"2023-10-04","Harvesting",3,"Sugar beet","Main crop","NL","Unifarm","Summer crop"
328,"2023-07-13","Sowing",2,"Other","Cover crop","NL","Unifarm","Cover crop"
328,"2023-10-16","Sowing",2,"Other","Cover crop","NL","Unifarm","Cover crop"
328,"2023-04-18","Sowing",2,"Sugar beet","Main crop","NL","Unifarm","Summer crop"
328,"2024-10-31","Aboveground removal",3,"Potatoes","Main crop","NL","Unifarm","Summer crop"
328,"2024-05-10","Sowing",2,"Potatoes","Main crop","NL","Unifarm","Summer crop"
329,"2023-07-18","Harvesting",3,"Winter wheat","Main crop","NL","Unifarm","Winter crop"
329,"2023-08-10","Sowing",2,"Other","Cover crop","NL","Unifarm","Cover crop"
329,"2022-11-01","Sowing",2,"Winter wheat","Main crop","NL","Unifarm","Winter crop"
329,"2024-06-25","Sowing",2,"Corn","Main crop","NL","Unifarm","Summer crop"
329,"2024-07-25","Sowing",2,"Corn","Undersowing","NL","Unifarm","Summer crop"
330,"2023-07-18","Harvesting",3,"Winter wheat","Main crop","NL","Unifarm","Winter crop"
330,"2023-08-10","Sowing",2,"Other","Cover crop","NL","Unifarm","Cover crop"
330,"2024-06-25","Sowing",2,"Corn","Main crop","NL","Unifarm","Summer crop"
330,"2022-11-01","Sowing",2,"Winter wheat","Main crop","NL","Unifarm","Winter crop"
330,"2024-07-25","Sowing",2,"Corn","Undersowing","NL","Unifarm","Summer crop"
331,"2023-10-04","Harvesting",3,"Corn silage","Main crop","NL","Unifarm","Summer crop"
331,"2024-09-23","Sowing",2,"Mixture","Cover crop","NL","Unifarm","Cover crop"
331,"2023-05-23","Sowing",2,"Corn silage","Main crop","NL","Unifarm","Summer crop"
332,"2023-07-18","Harvesting",3,"Winter wheat","Main crop","NL","Unifarm","Winter crop"
332,"2023-08-10","Sowing",2,"Other","Cover crop","NL","Unifarm","Cover crop"
332,"2024-06-25","Sowing",2,"Corn","Main crop","NL","Unifarm","Summer crop"
332,"2022-11-01","Sowing",2,"Winter wheat","Main crop","NL","Unifarm","Winter crop"
332,"2024-07-25","Sowing",2,"Corn","Undersowing","NL","Unifarm","Summer crop"
333,"2024-09-23","Sowing",2,"Mixture","Cover crop","NL","Unifarm","Cover crop"
333,"2024-04-15","Sowing",2,"Summer barley","Main crop","NL","Unifarm","Summer crop"
334,"2024-09-23","Sowing",2,"Mixture","Cover crop","NL","Unifarm","Cover crop"
334,"2024-04-15","Sowing",2,"Summer barley","Main crop","NL","Unifarm","Summer crop"
333,"2023-05-02","Sowing",2,"Potatoes","Main crop","NL","Unifarm","Summer crop"
334,"2023-10-04","Harvesting",3,"Corn silage","Main crop","NL","Unifarm","Summer crop"
334,"2023-05-23","Sowing",2,"Corn silage","Main crop","NL","Unifarm","Summer crop"
335,"2024-07-11","Harvesting",3,"Summer barley","Main crop","NL","Unifarm","Summer crop"
335,"2024-08-09","Sowing",2,"Mixture","Cover crop","NL","Unifarm","Cover crop"
335,"2024-09-23","Sowing",2,"Mixture","Cover crop","NL","Unifarm","Cover crop"
335,"2024-04-15","Sowing",2,"Summer barley","Main crop","NL","Unifarm","Summer crop"
335,"2023-11-23","Sowing",2,"Winter barley","Main crop","NL","Unifarm","Winter crop"
338,"2024-08-01","Sowing",2,"Ryegrass","Main crop","NL","Unifarm","Cover crop"
339,"2023-07-10","Harvesting",3,"Winter barley","Main crop","NL","Unifarm","Winter crop"
339,"2023-08-01","Sowing",2,"Other","Cover crop","NL","Unifarm","Cover crop"
339,"2024-09-03","Sowing",2,"Rapeseed","Main crop","NL","Unifarm","Winter crop"
339,"2022-10-11","Sowing",2,"Winter barley","Main crop","NL","Unifarm","Winter crop"
340,"2023-09-26","Harvesting",3,"Corn silage","Main crop","NL","Unifarm","Summer crop"
341,"2023-07-10","Harvesting",3,"Winter barley","Main crop","NL","Unifarm","Winter crop"
341,"2023-09-11","Sowing",2,"Other","Cover crop","NL","Unifarm","Cover crop"
341,"2024-09-03","Sowing",2,"Rapeseed","Main crop","NL","Unifarm","Winter crop"
341,"2022-10-11","Sowing",2,"Winter barley","Main crop","NL","Unifarm","Winter crop"
342,"2024-08-01","Sowing",2,"Ryegrass","Main crop","NL","Unifarm","Cover crop"
345,"2023-07-10","Harvesting",3,"Winter barley","Main crop","NL","Unifarm","Winter crop"
345,"2024-09-30","Sowing",2,"Mixture","Cover crop","NL","Unifarm","Cover crop"
345,"2024-05-02","Sowing",2,"Corn silage","Main crop","NL","Unifarm","Summer crop"
345,"2022-10-06","Sowing",2,"Winter barley","Main crop","NL","Unifarm","Winter crop"
88,"2024-06-29","Harvesting",3,"Rapeseed","Main crop","IT","Vallevecchia","Winter crop"
88,"2024-11-18","Sowing",2,"Brassica juncea","Cover crop","IT","Vallevecchia","Cover crop"
88,"2023-07-03","Harvesting",3,"Winter wheat","Main crop","IT","Vallevecchia","Winter crop"
88,"2024-07-15","Sowing",2,"Sudangrass","Cover crop","IT","Vallevecchia","Cover crop"
85,"2023-07-03","Harvesting",3,"Winter wheat","Main crop","IT","Vallevecchia","Winter crop"
85,"2023-09-15","Sowing",2,"Rapeseed","Main crop","IT","Vallevecchia","Winter crop"
89,"2024-07-15","Sowing",2,"Sudangrass","Cover crop","IT","Vallevecchia","Cover crop"
89,"2024-11-18","Sowing",2,"Vetch","Cover crop","IT","Vallevecchia","Cover crop"
89,"2023-07-03","Harvesting",3,"Winter wheat","Main crop","IT","Vallevecchia","Winter crop"
39,"2024-06-06","Termination cover crop",3,"Soybean","Main crop","IT","Vallevecchia","Summer crop"
39,"2024-11-12","Harvesting",3,"Soybean","Main crop","IT","Vallevecchia","Summer crop"
39,"2024-01-13","Sowing",2,"Winter barley","Cover crop","IT","Vallevecchia","Winter crop"
39,"2023-06-29","Harvesting",3,"Rapeseed","Main crop","IT","Vallevecchia","Winter crop"
39,"2024-11-15","Sowing",2,"Ryegrass","Cover crop","IT","Vallevecchia","Cover crop"
41,"2024-06-24","Sowing",2,"Soybean","Main crop","IT","Vallevecchia","Summer crop"
41,"2024-01-13","Sowing",2,"Winter barley","Cover crop","IT","Vallevecchia","Winter crop"
41,"2023-06-29","Harvesting",3,"Rapeseed","Main crop","IT","Vallevecchia","Winter crop"
41,"2024-11-13","Harvesting",3,"Soybean","Main crop","IT","Vallevecchia","Summer crop"
41,"2024-06-06","Termination cover crop",3,"Soybean","Main crop","IT","Vallevecchia","Summer crop"
41,"2024-11-15","Sowing",2,"Ryegrass","Cover crop","IT","Vallevecchia","Cover crop"
40,"2024-06-07","Termination cover crop",3,"Soybean","Main crop","IT","Vallevecchia","Summer crop"
40,"2024-01-13","Sowing",2,"Winter barley","Cover crop","IT","Vallevecchia","Winter crop"
40,"2024-11-13","Harvesting",3,"Soybean","Main crop","IT","Vallevecchia","Summer crop"
40,"2024-06-24","Sowing",2,"Soybean","Main crop","IT","Vallevecchia","Summer crop"
40,"2023-06-29","Harvesting",3,"Rapeseed","Main crop","IT","Vallevecchia","Winter crop"
88,"2023-09-14","Sowing",2,"Rapeseed","Main crop","IT","Vallevecchia","Winter crop"
39,"2024-06-23","Sowing",2,"Soybean","Main crop","IT","Vallevecchia","Summer crop"
89,"2024-06-29","Harvesting",3,"Rapeseed","Main crop","IT","Vallevecchia","Winter crop"
89,"2023-09-14","Sowing",2,"Rapeseed","Main crop","IT","Vallevecchia","Winter crop"
84,"2023-09-15","Sowing",2,"Rapeseed","Main crop","IT","Vallevecchia","Winter crop"
84,"2023-07-03","Harvesting",3,"Winter wheat","Main crop","IT","Vallevecchia","Winter crop"
84,"2024-06-29","Harvesting",3,"Rapeseed","Main crop","IT","Vallevecchia","Winter crop"
85,"2024-06-29","Harvesting",3,"Rapeseed","Main crop","IT","Vallevecchia","Winter crop"
95,"2024-09-29","Harvesting",3,"Corn","Main crop","IT","Vallevecchia","Summer crop"
95,"2023-07-08","Harvesting",3,"Winter wheat","Main crop","IT","Vallevecchia","Winter crop"
95,"2024-05-01","Sowing",2,"Corn","Main crop","IT","Vallevecchia","Summer crop"
95,"2024-11-12","Sowing",2,"Winter wheat","Main crop","IT","Vallevecchia","Winter crop"
95,"2024-01-13","Sowing",2,"Winter barley","Cover crop","IT","Vallevecchia","Winter crop"
95,"2023-09-15","Sowing",2,"Rapeseed","Main crop","IT","Vallevecchia","Winter crop"
86,"2023-07-08","Harvesting",3,"Winter wheat","Main crop","IT","Vallevecchia","Winter crop"
86,"2023-09-18","Sowing",2,"Rapeseed","Main crop","IT","Vallevecchia","Winter crop"
86,"2024-11-11","Sowing",2,"Winter wheat","Main crop","IT","Vallevecchia","Winter crop"
87,"2024-06-29","Harvesting",3,"Rapeseed","Main crop","IT","Vallevecchia","Winter crop"
87,"2023-09-18","Sowing",2,"Rapeseed","Main crop","IT","Vallevecchia","Winter crop"
87,"2023-07-08","Harvesting",3,"Winter wheat","Main crop","IT","Vallevecchia","Winter crop"
87,"2024-11-11","Sowing",2,"Winter wheat","Main crop","IT","Vallevecchia","Winter crop"
98,"2024-11-11","Harvesting",3,"Soybean","Main crop","IT","Vallevecchia","Summer crop"
98,"2024-06-06","Termination cover crop",3,"Soybean","Main crop","IT","Vallevecchia","Summer crop"
98,"2023-11-29","Sowing",2,"Other","Cover crop","IT","Vallevecchia","Cover crop"
98,"2023-07-04","Harvesting",3,"Winter wheat","Main crop","IT","Vallevecchia","Winter crop"
98,"2024-11-15","Sowing",2,"Vetch + ryegrass","Cover crop","IT","Vallevecchia","Cover crop"
99,"2023-07-04","Harvesting",3,"Winter wheat","Main crop","IT","Vallevecchia","Winter crop"
99,"2024-06-06","Termination cover crop",3,"Soybean","Main crop","IT","Vallevecchia","Summer crop"
99,"2024-11-15","Sowing",2,"Vetch + ryegrass","Cover crop","IT","Vallevecchia","Cover crop"
99,"2024-11-11","Harvesting",3,"Soybean","Main crop","IT","Vallevecchia","Summer crop"
99,"2023-11-29","Sowing",2,"Other","Cover crop","IT","Vallevecchia","Cover crop"
97,"2023-07-04","Harvesting",3,"Winter wheat","Main crop","IT","Vallevecchia","Winter crop"
97,"2024-06-06","Termination cover crop",3,"Soybean","Main crop","IT","Vallevecchia","Summer crop"
97,"2024-11-11","Harvesting",3,"Soybean","Main crop","IT","Vallevecchia","Summer crop"
97,"2023-11-29","Sowing",2,"Other","Cover crop","IT","Vallevecchia","Cover crop"
97,"2024-06-23","Sowing",2,"Soybean","Main crop","IT","Vallevecchia","Summer crop"
98,"2024-06-22","Sowing",2,"Soybean","Main crop","IT","Vallevecchia","Summer crop"
99,"2024-06-22","Sowing",2,"Soybean","Main crop","IT","Vallevecchia","Summer crop"
83,"2024-07-09","Sowing",2,"Sudangrass","Cover crop","IT","Vallevecchia","Cover crop"
83,"2023-07-08","Harvesting",3,"Winter wheat","Main crop","IT","Vallevecchia","Winter crop"
83,"2024-06-28","Harvesting",3,"Rapeseed","Main crop","IT","Vallevecchia","Winter crop"
83,"2023-09-18","Sowing",2,"Rapeseed","Main crop","IT","Vallevecchia","Winter crop"
83,"2024-11-12","Sowing",2,"Winter wheat","Main crop","IT","Vallevecchia","Winter crop"
86,"2024-06-28","Harvesting",3,"Rapeseed","Main crop","IT","Vallevecchia","Winter crop"
124,"2024-05-11","Sowing",2,"Corn","Main crop","IT","Vallevecchia","Summer crop"
124,"2024-09-30","Harvesting",3,"Corn","Main crop","IT","Vallevecchia","Summer crop"
124,"2023-07-07","Harvesting",3,"Winter wheat","Main crop","IT","Vallevecchia","Winter crop"
124,"2024-11-13","Sowing",2,"Winter wheat","Main crop","IT","Vallevecchia","Winter crop"
125,"2024-01-16","Sowing",2,"Ryegrass","Cover crop","IT","Vallevecchia","Cover crop"
125,"2024-11-13","Sowing",2,"Winter wheat","Main crop","IT","Vallevecchia","Winter crop"
125,"2024-09-30","Harvesting",3,"Corn","Main crop","IT","Vallevecchia","Summer crop"
125,"2024-05-11","Sowing",2,"Corn","Main crop","IT","Vallevecchia","Summer crop"
126,"2024-09-30","Harvesting",3,"Corn","Main crop","IT","Vallevecchia","Summer crop"
126,"2024-11-14","Sowing",2,"Winter wheat","Main crop","IT","Vallevecchia","Winter crop"
126,"2024-01-16","Sowing",2,"Ryegrass","Cover crop","IT","Vallevecchia","Cover crop"
126,"2024-05-12","Sowing",2,"Corn","Main crop","IT","Vallevecchia","Summer crop"
126,"2023-07-06","Harvesting",3,"Winter wheat","Main crop","IT","Vallevecchia","Winter crop"
125,"2023-07-06","Harvesting",3,"Winter wheat","Main crop","IT","Vallevecchia","Winter crop"
65,"2024-11-14","Sowing",2,"Winter wheat","Main crop","IT","Vallevecchia","Winter crop"
65,"2024-05-12","Sowing",2,"Corn","Main crop","IT","Vallevecchia","Summer crop"
65,"2023-07-06","Harvesting",3,"Winter wheat","Main crop","IT","Vallevecchia","Winter crop"
65,"2024-01-16","Sowing",2,"Ryegrass","Cover crop","IT","Vallevecchia","Cover crop"
65,"2024-09-30","Harvesting",3,"Corn","Main crop","IT","Vallevecchia","Summer crop"
5,"2023-10-05","Harvesting",3,"Soybean","Main crop","IT","Vallevecchia","Summer crop"
5,"2024-10-01","Harvesting",3,"Corn","Main crop","IT","Vallevecchia","Summer crop"
5,"2023-05-29","Sowing",2,"Soybean","Main crop","IT","Vallevecchia","Summer crop"
5,"2024-11-11","Sowing",2,"Winter wheat","Main crop","IT","Vallevecchia","Winter crop"
5,"2024-05-13","Sowing",2,"Corn","Main crop","IT","Vallevecchia","Summer crop"
17,"2024-11-11","Sowing",2,"Winter wheat","Main crop","IT","Vallevecchia","Winter crop"
17,"2024-05-11","Sowing",2,"Corn","Main crop","IT","Vallevecchia","Summer crop"
17,"2023-07-07","Harvesting",3,"Winter wheat","Main crop","IT","Vallevecchia","Winter crop"
17,"2024-09-30","Harvesting",3,"Corn","Main crop","IT","Vallevecchia","Summer crop"
70,"2023-10-18","Sowing",2,"Mixture","Cover crop","IT","Vallevecchia","Cover crop"
70,"2023-06-17","Sowing",2,"Soybean","Main crop","IT","Vallevecchia","Summer crop"
70,"2024-11-15","Sowing",2,"Winter wheat","Main crop","IT","Vallevecchia","Winter crop"
70,"2024-11-12","Harvesting",3,"Corn","Main crop","IT","Vallevecchia","Summer crop"
70,"2023-10-06","Harvesting",3,"Soybean","Main crop","IT","Vallevecchia","Summer crop"
70,"2024-05-15","Sowing",2,"Corn","Main crop","IT","Vallevecchia","Summer crop"
70,"2023-11-28","Sowing",2,"Mixture","Cover crop","IT","Vallevecchia","Cover crop"
131,"2023-07-07","Harvesting",3,"Winter wheat","Main crop","IT","Vallevecchia","Winter crop"
131,"2024-06-19","Sowing",2,"Soybean","Main crop","IT","Vallevecchia","Summer crop"
131,"2024-06-05","Termination cover crop",3,"Soybean","Main crop","IT","Vallevecchia","Summer crop"
131,"2024-11-14","Harvesting",3,"Soybean","Main crop","IT","Vallevecchia","Summer crop"
129,"2024-06-04","Termination cover crop",3,"Soybean","Main crop","IT","Vallevecchia","Summer crop"
129,"2024-11-16","Sowing",2,"Mixture","Cover crop","IT","Vallevecchia","Cover crop"
129,"2024-06-20","Sowing",2,"Soybean","Main crop","IT","Vallevecchia","Summer crop"
129,"2024-01-22","Sowing",2,"Ryegrass","Cover crop","IT","Vallevecchia","Cover crop"
129,"2023-07-05","Harvesting",3,"Winter wheat","Main crop","IT","Vallevecchia","Winter crop"
129,"2024-11-14","Harvesting",3,"Soybean","Main crop","IT","Vallevecchia","Summer crop"
130,"2023-07-05","Harvesting",3,"Winter wheat","Main crop","IT","Vallevecchia","Winter crop"
130,"2024-11-14","Harvesting",3,"Soybean","Main crop","IT","Vallevecchia","Summer crop"
130,"2024-11-16","Sowing",2,"Mixture","Cover crop","IT","Vallevecchia","Cover crop"
130,"2024-01-22","Sowing",2,"Ryegrass","Cover crop","IT","Vallevecchia","Cover crop"
130,"2024-06-20","Sowing",2,"Soybean","Main crop","IT","Vallevecchia","Summer crop"
130,"2024-06-04","Termination cover crop",3,"Soybean","Main crop","IT","Vallevecchia","Summer crop"
104,"2023-07-05","Harvesting",3,"Winter wheat","Main crop","IT","Vallevecchia","Winter crop"
104,"2024-11-14","Harvesting",3,"Soybean","Main crop","IT","Vallevecchia","Summer crop"
104,"2024-06-21","Sowing",2,"Soybean","Main crop","IT","Vallevecchia","Summer crop"
104,"2024-01-22","Sowing",2,"Ryegrass","Cover crop","IT","Vallevecchia","Cover crop"
104,"2024-06-04","Termination cover crop",3,"Soybean","Main crop","IT","Vallevecchia","Summer crop"
103,"2024-11-17","Sowing",2,"Vetch","Cover crop","IT","Vallevecchia","Cover crop"
103,"2024-06-21","Sowing",2,"Soybean","Main crop","IT","Vallevecchia","Summer crop"
103,"2024-01-22","Sowing",2,"Ryegrass","Cover crop","IT","Vallevecchia","Cover crop"
103,"2023-07-05","Harvesting",3,"Winter wheat","Main crop","IT","Vallevecchia","Winter crop"
103,"2024-06-04","Termination cover crop",3,"Soybean","Main crop","IT","Vallevecchia","Summer crop"
103,"2024-11-14","Harvesting",3,"Soybean","Main crop","IT","Vallevecchia","Summer crop"
96,"2023-07-07","Harvesting",3,"Winter wheat","Main crop","IT","Vallevecchia","Winter crop"
128,"2024-11-16","Sowing",2,"Ryegrass","Cover crop","IT","Vallevecchia","Cover crop"
128,"2024-06-19","Sowing",2,"Soybean","Main crop","IT","Vallevecchia","Summer crop"
128,"2024-01-22","Sowing",2,"Ryegrass","Cover crop","IT","Vallevecchia","Cover crop"
128,"2023-07-05","Harvesting",3,"Winter wheat","Main crop","IT","Vallevecchia","Winter crop"
128,"2024-06-05","Termination cover crop",3,"Soybean","Main crop","IT","Vallevecchia","Summer crop"
128,"2024-11-14","Harvesting",3,"Soybean","Main crop","IT","Vallevecchia","Summer crop"
30,"2023-10-07","Harvesting",3,"Soybean","Main crop","IT","Vallevecchia","Summer crop"
30,"2024-09-23","Sowing",2,"Rapeseed","Main crop","IT","Vallevecchia","Winter crop"
30,"2023-11-27","Sowing",2,"Winter wheat","Main crop","IT","Vallevecchia","Winter crop"
30,"2023-06-09","Sowing",2,"Soybean","Main crop","IT","Vallevecchia","Summer crop"
30,"2024-07-06","Harvesting",3,"Winter wheat","Main crop","IT","Vallevecchia","Winter crop"
51,"2024-09-23","Sowing",2,"Rapeseed","Main crop","IT","Vallevecchia","Winter crop"
51,"2023-11-27","Sowing",2,"Winter wheat","Main crop","IT","Vallevecchia","Winter crop"
51,"2023-09-27","Harvesting",3,"Sorghum","Main crop","IT","Vallevecchia","Summer crop"
51,"2023-06-17","Sowing",2,"Sorghum","Main crop","IT","Vallevecchia","Summer crop"
51,"2024-07-06","Harvesting",3,"Winter wheat","Main crop","IT","Vallevecchia","Winter crop"
50,"2024-09-30","Sowing",2,"Rapeseed","Main crop","IT","Vallevecchia","Winter crop"
50,"2023-11-27","Sowing",2,"Winter wheat","Main crop","IT","Vallevecchia","Winter crop"
50,"2024-07-06","Harvesting",3,"Winter wheat","Main crop","IT","Vallevecchia","Winter crop"
50,"2023-06-17","Sowing",2,"Sorghum","Main crop","IT","Vallevecchia","Summer crop"
50,"2023-09-27","Harvesting",3,"Sorghum","Main crop","IT","Vallevecchia","Summer crop"
34,"2023-11-26","Sowing",2,"Winter wheat","Main crop","IT","Vallevecchia","Winter crop"
34,"2023-10-07","Harvesting",3,"Soybean","Main crop","IT","Vallevecchia","Summer crop"
34,"2024-07-07","Harvesting",3,"Winter wheat","Main crop","IT","Vallevecchia","Winter crop"
34,"2024-09-21","Sowing",2,"Rapeseed","Main crop","IT","Vallevecchia","Winter crop"
34,"2023-06-03","Sowing",2,"Soybean","Main crop","IT","Vallevecchia","Summer crop"
36,"2023-06-03","Sowing",2,"Soybean","Main crop","IT","Vallevecchia","Summer crop"
36,"2024-09-21","Sowing",2,"Rapeseed","Main crop","IT","Vallevecchia","Winter crop"
36,"2024-07-07","Harvesting",3,"Winter wheat","Main crop","IT","Vallevecchia","Winter crop"
36,"2023-11-26","Sowing",2,"Winter wheat","Main crop","IT","Vallevecchia","Winter crop"
36,"2023-10-07","Harvesting",3,"Soybean","Main crop","IT","Vallevecchia","Summer crop"
44,"2024-09-23","Sowing",2,"Rapeseed","Main crop","IT","Vallevecchia","Winter crop"
44,"2024-07-06","Harvesting",3,"Winter wheat","Main crop","IT","Vallevecchia","Winter crop"
44,"2023-11-26","Sowing",2,"Winter wheat","Main crop","IT","Vallevecchia","Winter crop"
44,"2023-04-29","Sowing",2,"Corn","Main crop","IT","Vallevecchia","Summer crop"
44,"2023-10-07","Harvesting",3,"Sorghum","Main crop","IT","Vallevecchia","Summer crop"
44,"2023-06-12","Sowing",2,"Sorghum","Main crop","IT","Vallevecchia","Summer crop"
29,"2023-11-24","Harvesting",3,"Sorghum","Main crop","IT","Vallevecchia","Summer crop"
29,"2024-07-07","Harvesting",3,"Winter wheat","Main crop","IT","Vallevecchia","Winter crop"
29,"2023-06-19","Sowing",2,"Sorghum","Main crop","IT","Vallevecchia","Summer crop"
29,"2024-01-14","Sowing",2,"Winter wheat","Main crop","IT","Vallevecchia","Winter crop"
91,"2024-06-04","Termination cover crop",3,"Sorghum","Main crop","IT","Vallevecchia","Summer crop"
91,"2024-11-15","Harvesting",3,"Sorghum","Main crop","IT","Vallevecchia","Summer crop"
91,"2023-09-18","Sowing",2,"Rapeseed","Main crop","IT","Vallevecchia","Winter crop"
91,"2024-06-18","Sowing",2,"Sorghum","Main crop","IT","Vallevecchia","Summer crop"
91,"2023-07-05","Harvesting",3,"Winter wheat","Main crop","IT","Vallevecchia","Winter crop"
2,"2024-06-03","Termination cover crop",3,"Sorghum","Main crop","IT","Vallevecchia","Summer crop"
2,"2024-11-15","Harvesting",3,"Sorghum","Main crop","IT","Vallevecchia","Summer crop"
2,"2024-11-17","Sowing",2,"Brassica juncea","Cover crop","IT","Vallevecchia","Cover crop"
2,"2023-06-29","Harvesting",3,"Rapeseed","Main crop","IT","Vallevecchia","Winter crop"
2,"2024-01-16","Sowing",2,"Ryegrass","Cover crop","IT","Vallevecchia","Cover crop"
2,"2024-06-19","Sowing",2,"Sorghum","Main crop","IT","Vallevecchia","Summer crop"
49,"2023-09-27","Harvesting",3,"Sorghum","Main crop","IT","Vallevecchia","Summer crop"
49,"2023-06-16","Sowing",2,"Sorghum","Main crop","IT","Vallevecchia","Summer crop"
26,"2023-10-04","Harvesting",3,"Corn","Main crop","IT","Vallevecchia","Summer crop"
26,"2023-05-24","Sowing",2,"Corn","Main crop","IT","Vallevecchia","Summer crop"
26,"2024-06-30","Harvesting",3,"Winter wheat","Main crop","IT","Vallevecchia","Winter crop"
55,"2024-01-13","Sowing",2,"Winter wheat","Main crop","IT","Vallevecchia","Winter crop"
55,"2023-05-24","Sowing",2,"Corn","Main crop","IT","Vallevecchia","Summer crop"
55,"2023-10-04","Harvesting",3,"Corn","Main crop","IT","Vallevecchia","Summer crop"
55,"2024-11-14","Sowing",2,"Ryegrass","Cover crop","IT","Vallevecchia","Cover crop"
55,"2024-06-30","Harvesting",3,"Winter wheat","Main crop","IT","Vallevecchia","Winter crop"
56,"2024-11-14","Sowing",2,"Ryegrass","Cover crop","IT","Vallevecchia","Cover crop"
56,"2024-06-30","Harvesting",3,"Winter wheat","Main crop","IT","Vallevecchia","Winter crop"
56,"2023-05-24","Sowing",2,"Corn","Main crop","IT","Vallevecchia","Summer crop"
27,"2023-05-24","Sowing",2,"Corn","Main crop","IT","Vallevecchia","Summer crop"
27,"2024-11-14","Sowing",2,"Ryegrass","Cover crop","IT","Vallevecchia","Cover crop"
27,"2023-10-04","Harvesting",3,"Corn","Main crop","IT","Vallevecchia","Summer crop"
27,"2024-06-30","Harvesting",3,"Winter wheat","Main crop","IT","Vallevecchia","Winter crop"
27,"2024-01-13","Sowing",2,"Winter wheat","Main crop","IT","Vallevecchia","Winter crop"
27,"2024-07-16","Sowing",2,"Mixture","Cover crop","IT","Vallevecchia","Cover crop"
55,"2024-07-15","Sowing",2,"Mixture","Cover crop","IT","Vallevecchia","Cover crop"
26,"2024-01-12","Sowing",2,"Winter wheat","Main crop","IT","Vallevecchia","Winter crop"
26,"2024-07-15","Sowing",2,"Mixture","Cover crop","IT","Vallevecchia","Cover crop"
56,"2024-07-15","Sowing",2,"Mixture","Cover crop","IT","Vallevecchia","Cover crop"
56,"2024-01-12","Sowing",2,"Winter wheat","Main crop","IT","Vallevecchia","Winter crop"
56,"2023-10-03","Harvesting",3,"Corn","Main crop","IT","Vallevecchia","Summer crop"
82,"2023-09-27","Harvesting",3,"Sorghum","Main crop","IT","Vallevecchia","Summer crop"
82,"2023-06-16","Sowing",2,"Sorghum","Main crop","IT","Vallevecchia","Summer crop"
46,"2023-11-25","Sowing",2,"Winter wheat","Main crop","IT","Vallevecchia","Winter crop"
46,"2023-10-04","Harvesting",3,"Corn","Main crop","IT","Vallevecchia","Summer crop"
46,"2024-02-07","Sowing",2,"Summer wheat","Main crop","IT","Vallevecchia","Summer crop"
46,"2023-04-28","Sowing",2,"Corn","Main crop","IT","Vallevecchia","Summer crop"
47,"2023-04-28","Sowing",2,"Corn","Main crop","IT","Vallevecchia","Summer crop"
47,"2023-10-04","Harvesting",3,"Corn","Main crop","IT","Vallevecchia","Summer crop"
47,"2023-11-25","Sowing",2,"Winter wheat","Main crop","IT","Vallevecchia","Winter crop"
47,"2024-07-05","Harvesting",3,"Winter wheat","Main crop","IT","Vallevecchia","Winter crop"
46,"2024-07-05","Harvesting",3,"Winter wheat","Main crop","IT","Vallevecchia","Winter crop"
53,"2024-07-17","Sowing",2,"Mixture","Cover crop","IT","Vallevecchia","Cover crop"
53,"2024-11-16","Sowing",2,"Ryegrass","Cover crop","IT","Vallevecchia","Cover crop"
53,"2023-09-14","Harvesting",3,"Corn","Main crop","IT","Vallevecchia","Summer crop"
53,"2023-04-28","Sowing",2,"Corn","Main crop","IT","Vallevecchia","Summer crop"
53,"2023-11-25","Sowing",2,"Winter wheat","Main crop","IT","Vallevecchia","Winter crop"
53,"2024-07-05","Harvesting",3,"Winter wheat","Main crop","IT","Vallevecchia","Winter crop"
45,"2024-07-05","Harvesting",3,"Winter wheat","Main crop","IT","Vallevecchia","Winter crop"
45,"2023-11-25","Sowing",2,"Winter wheat","Main crop","IT","Vallevecchia","Winter crop"
45,"2023-09-14","Harvesting",3,"Corn","Main crop","IT","Vallevecchia","Summer crop"
45,"2023-04-28","Sowing",2,"Corn","Main crop","IT","Vallevecchia","Summer crop"
47,"2023-09-14","Harvesting",3,"Corn","Main crop","IT","Vallevecchia","Summer crop"
46,"2023-09-14","Harvesting",3,"Corn","Main crop","IT","Vallevecchia","Summer crop"
16,"2024-05-28","Sowing",2,"Corn","Main crop","IT","Vallevecchia","Summer crop"
16,"2023-05-29","Sowing",2,"Soybean","Main crop","IT","Vallevecchia","Summer crop"
16,"2024-11-10","Harvesting",3,"Corn","Main crop","IT","Vallevecchia","Summer crop"
16,"2024-11-14","Sowing",2,"Winter wheat","Main crop","IT","Vallevecchia","Winter crop"
16,"2023-10-06","Harvesting",3,"Soybean","Main crop","IT","Vallevecchia","Summer crop"
14,"2024-11-14","Sowing",2,"Winter wheat","Main crop","IT","Vallevecchia","Winter crop"
14,"2024-11-10","Harvesting",3,"Corn","Main crop","IT","Vallevecchia","Summer crop"
14,"2024-05-28","Sowing",2,"Corn","Main crop","IT","Vallevecchia","Summer crop"
14,"2023-10-06","Harvesting",3,"Soybean","Main crop","IT","Vallevecchia","Summer crop"
14,"2024-01-14","Sowing",2,"Winter barley","Cover crop","IT","Vallevecchia","Winter crop"
14,"2023-05-29","Sowing",2,"Soybean","Main crop","IT","Vallevecchia","Summer crop"
15,"2024-11-14","Sowing",2,"Winter wheat","Main crop","IT","Vallevecchia","Winter crop"
15,"2023-10-06","Harvesting",3,"Soybean","Main crop","IT","Vallevecchia","Summer crop"
15,"2023-05-30","Sowing",2,"Soybean","Main crop","IT","Vallevecchia","Summer crop"
15,"2024-11-10","Harvesting",3,"Corn","Main crop","IT","Vallevecchia","Summer crop"
15,"2024-05-28","Sowing",2,"Corn","Main crop","IT","Vallevecchia","Summer crop"
112,"2023-09-19","Sowing",2,"Rapeseed","Main crop","IT","Vallevecchia","Winter crop"
112,"2023-05-30","Harvesting",3,"Winter wheat","Main crop","IT","Vallevecchia","Winter crop"
112,"2024-06-28","Harvesting",3,"Rapeseed","Main crop","IT","Vallevecchia","Winter crop"
112,"2024-11-18","Sowing",2,"Winter wheat","Cover crop","IT","Vallevecchia","Winter crop"
112,"2024-07-16","Sowing",2,"Mixture","Cover crop","IT","Vallevecchia","Cover crop"
20,"2024-07-01","Harvesting",3,"Winter wheat","Main crop","IT","Vallevecchia","Winter crop"
20,"2024-01-14","Sowing",2,"Winter wheat","Main crop","IT","Vallevecchia","Winter crop"
20,"2023-05-09","Sowing",2,"Corn","Main crop","IT","Vallevecchia","Summer crop"
20,"2023-10-03","Harvesting",3,"Corn","Main crop","IT","Vallevecchia","Summer crop"
23,"2024-11-18","Sowing",2,"Vetch","Cover crop","IT","Vallevecchia","Cover crop"
23,"2023-05-09","Sowing",2,"Corn","Main crop","IT","Vallevecchia","Summer crop"
23,"2023-10-03","Harvesting",3,"Corn","Main crop","IT","Vallevecchia","Summer crop"
23,"2024-07-01","Harvesting",3,"Winter wheat","Main crop","IT","Vallevecchia","Winter crop"
23,"2024-01-14","Sowing",2,"Winter wheat","Main crop","IT","Vallevecchia","Winter crop"
94,"2023-05-30","Harvesting",3,"Winter wheat","Main crop","IT","Vallevecchia","Winter crop"
94,"2024-11-13","Harvesting",3,"Soybean","Main crop","IT","Vallevecchia","Summer crop"
101,"2024-11-13","Harvesting",3,"Soybean","Main crop","IT","Vallevecchia","Summer crop"
101,"2023-05-30","Harvesting",3,"Winter wheat","Main crop","IT","Vallevecchia","Winter crop"
101,"2024-01-13","Sowing",2,"Winter barley","Cover crop","IT","Vallevecchia","Winter crop"
101,"2024-06-22","Termination cover crop",3,"Soybean","Main crop","IT","Vallevecchia","Summer crop"
101,"2024-11-15","Sowing",2,"Vetch + ryegrass","Cover crop","IT","Vallevecchia","Cover crop"
94,"2024-07-01","Sowing",2,"Soybean","Main crop","IT","Vallevecchia","Summer crop"
93,"2024-07-01","Sowing",2,"Soybean","Main crop","IT","Vallevecchia","Summer crop"
93,"2024-11-13","Harvesting",3,"Soybean","Main crop","IT","Vallevecchia","Summer crop"
93,"2023-05-30","Harvesting",3,"Winter wheat","Main crop","IT","Vallevecchia","Winter crop"
60,"2024-07-01","Sowing",2,"Soybean","Main crop","IT","Vallevecchia","Summer crop"
60,"2023-10-03","Harvesting",3,"Corn","Main crop","IT","Vallevecchia","Summer crop"
60,"2023-05-23","Sowing",2,"Corn","Main crop","IT","Vallevecchia","Summer crop"
60,"2024-11-13","Harvesting",3,"Soybean","Main crop","IT","Vallevecchia","Summer crop"
101,"2024-07-05","Sowing",2,"Soybean","Main crop","IT","Vallevecchia","Summer crop"
31,"2024-11-12","Sowing",2,"Winter wheat","Main crop","IT","Vallevecchia","Winter crop"
31,"2024-10-01","Harvesting",3,"Corn","Main crop","IT","Vallevecchia","Summer crop"
31,"2023-10-05","Harvesting",3,"Soybean","Main crop","IT","Vallevecchia","Summer crop"
31,"2024-05-14","Sowing",2,"Corn","Main crop","IT","Vallevecchia","Summer crop"
31,"2023-05-30","Sowing",2,"Soybean","Main crop","IT","Vallevecchia","Summer crop"
38,"2023-05-31","Sowing",2,"Soybean","Main crop","IT","Vallevecchia","Summer crop"
38,"2024-10-01","Harvesting",3,"Corn","Main crop","IT","Vallevecchia","Summer crop"
38,"2023-10-05","Harvesting",3,"Soybean","Main crop","IT","Vallevecchia","Summer crop"
38,"2024-11-12","Sowing",2,"Winter wheat","Main crop","IT","Vallevecchia","Winter crop"
38,"2024-05-14","Sowing",2,"Corn","Main crop","IT","Vallevecchia","Summer crop"
248,"2019-04-29","Cultivator",1,"Potatoes","Main crop","NL","Valthermond","Summer crop"
248,"2020-04-22","Sub-soiler",1,"Summer wheat","Main crop","NL","Valthermond","Summer crop"
248,"2021-04-29","Sub-soiler",1,"Potatoes","Main crop","NL","Valthermond","Summer crop"
249,"2022-04-21","Spader",1,"Seed onion","Main crop","NL","Valthermond","Summer crop"
315,"2023-05-03","Spader",1,"Sugar beet","Main crop","NL","Valthermond","Summer crop"
315,"2019-04-16","Cultivator",1,"Sugar beet","Main crop","NL","Valthermond","Summer crop"
316,"2021-04-09","Cultivator",1,"Summer barley","Main crop","NL","Valthermond","Summer crop"
316,"2021-09-08","Cultivator",1,"Fodder radish","Cover crop","NL","Valthermond","Cover crop"
317,"2024-08-22","Ploughing",1,"Fodder radish","Cover crop","NL","Valthermond","Cover crop"
317,"2024-04-09","Cultivator",1,"Summer barley","Main crop","NL","Valthermond","Summer crop"
317,"2022-04-21","Sub-soiler",1,"Sugar beet","Main crop","NL","Valthermond","Summer crop"
317,"2019-04-24","Cultivator",1,"Potatoes","Main crop","NL","Valthermond","Summer crop"
318,"2022-11-08","Cultivator",1,"Winter wheat","Main crop","NL","Valthermond","Winter crop"
318,"2023-09-07","Cultivator",1,"Fodder radish","Cover crop","NL","Valthermond","Cover crop"
318,"2021-04-19","Cultivator",1,"Sugar beet","Main crop","NL","Valthermond","Summer crop"
336,"2023-05-03","Spader",1,"Sugar beet","Main crop","NL","Valthermond","Summer crop"
336,"2022-05-05","Spader",1,"Potatoes","Main crop","NL","Valthermond","Summer crop"
336,"2021-05-12","Cultivator",1,"Corn silage","Main crop","NL","Valthermond","Summer crop"
336,"2021-05-20","Spader",1,"Corn silage","Main crop","NL","Valthermond","Summer crop"
336,"2020-03-26","Harrowing",1,"Potatoes","Main crop","NL","Valthermond","Summer crop"
336,"2020-04-20","Spader",1,"Potatoes","Main crop","NL","Valthermond","Summer crop"
336,"2019-04-09","Cultivator",1,"Summer barley","Main crop","NL","Valthermond","Summer crop"
337,"2023-05-25","Spader",1,"Corn silage","Main crop","NL","Valthermond","Summer crop"
337,"2022-04-19","Sub-soiler",1,"Sugar beet","Main crop","NL","Valthermond","Summer crop"
337,"2021-04-23","Cultivator",1,"Potatoes","Main crop","NL","Valthermond","Summer crop"
337,"2020-04-30","Cultivator",1,"Summer barley","Main crop","NL","Valthermond","Summer crop"
337,"2019-04-23","Cultivator",1,"Potatoes","Main crop","NL","Valthermond","Summer crop"
343,"2022-05-19","Spader",1,"Corn silage","Main crop","NL","Valthermond","Summer crop"
344,"2023-05-08","Spader",1,"Potatoes","Main crop","NL","Valthermond","Summer crop"
344,"2022-04-19","Cultivator",1,"Summer barley","Main crop","NL","Valthermond","Summer crop"
344,"2022-09-12","Cultivator",1,"Fodder radish","Cover crop","NL","Valthermond","Cover crop"
344,"2021-05-14","Spader",1,"Potatoes","Main crop","NL","Valthermond","Summer crop"
344,"2020-04-10","Cultivator",1,"Sugar beet","Main crop","NL","Valthermond","Summer crop"
279,"2024-09-16","Harrowing",1,"Summer barley","Main crop","NL","Unifarm","Summer crop"
279,"2023-10-18","Ploughing",1,"Corn","Main crop","NL","Unifarm","Summer crop"
279,"2023-05-16","Harrowing",1,"Corn","Main crop","NL","Unifarm","Summer crop"
279,"2022-11-15","Harrowing",1,"Corn","Main crop","NL","Unifarm","Summer crop"
281,"2024-01-18","Cultivator",1,"Winter wheat","Main crop","NL","Unifarm","Winter crop"
281,"2024-08-28","Ploughing",1,"Winter wheat","Main crop","NL","Unifarm","Winter crop"
282,"2024-09-24","Cultivator",1,"Fodder radish","Cover crop","NL","Unifarm","Cover crop"
282,"2024-04-15","Ploughing",1,"Sugar beet","Main crop","NL","Unifarm","Summer crop"
282,"2024-04-30","Harrowing",1,"Sugar beet","Main crop","NL","Unifarm","Summer crop"
283,"2023-04-19","Ploughing",1,"Summer barley","Main crop","NL","Unifarm","Summer crop"
284,"2023-12-11","Cultivator",1,"Sugar beet","Main crop","NL","Unifarm","Summer crop"
284,"2024-04-08","Ploughing",1,"Summer triticale","Main crop","NL","Unifarm","Summer crop"
284,"2023-04-17","Ploughing",1,"Sugar beet","Main crop","NL","Unifarm","Summer crop"
285,"2023-05-30","Harrowing",1,"Potatoes","Main crop","NL","Unifarm","Summer crop"
285,"2023-10-04","Cultivator",1,"Potatoes","Main crop","NL","Unifarm","Summer crop"
285,"2023-05-17","Ploughing",1,"Potatoes","Main crop","NL","Unifarm","Summer crop"
286,"2024-08-14","Harrowing",1,"Mixture","Cover crop","NL","Unifarm","Cover crop"
286,"2023-08-24","Harrowing",1,"Rapeseed","Main crop","NL","Unifarm","Winter crop"
287,"2023-02-07","Harrowing",1,"Sugar beet","Main crop","NL","Unifarm","Summer crop"
287,"2023-04-12","Ploughing",1,"Sugar beet","Main crop","NL","Unifarm","Summer crop"
287,"2024-03-14","Ploughing",1,"Potatoes","Main crop","NL","Unifarm","Summer crop"
288,"2023-09-21","Harrowing",1,"Summer barley","Main crop","NL","Unifarm","Summer crop"
288,"2023-02-28","Ploughing",1,"Summer barley","Main crop","NL","Unifarm","Summer crop"
288,"2023-11-07","Ploughing",1,"Summer barley","Main crop","NL","Unifarm","Summer crop"
289,"2023-05-15","Harrowing",1,"Corn silage","Main crop","NL","Unifarm","Summer crop"
289,"2023-04-19","Ploughing",1,"Corn silage","Main crop","NL","Unifarm","Summer crop"
290,"2023-09-25","Harrowing",1,"Summer barley","Main crop","NL","Unifarm","Summer crop"
291,"2023-09-20","Cultivator",1,"Corn silage","Main crop","NL","Unifarm","Summer crop"
291,"2023-05-04","Ploughing",1,"Corn silage","Main crop","NL","Unifarm","Summer crop"
292,"2024-08-12","Cultivator",1,"Mixture","Cover crop","NL","Unifarm","Cover crop"
292,"2024-08-26","Cultivator",1,"Mixture","Cover crop","NL","Unifarm","Cover crop"
292,"2024-09-04","Cultivator",1,"Mixture","Cover crop","NL","Unifarm","Cover crop"
292,"2023-03-01","Harrowing",1,"Summer barley","Main crop","NL","Unifarm","Summer crop"
292,"2023-04-07","Harrowing",1,"Summer barley","Main crop","NL","Unifarm","Summer crop"
292,"2023-06-06","Harrowing",1,"Summer barley","Main crop","NL","Unifarm","Summer crop"
292,"2024-04-24","Harrowing",1,"Summer barley","Main crop","NL","Unifarm","Summer crop"
292,"2023-10-03","Ploughing",1,"Winter barley","Cover crop","NL","Unifarm","Winter crop"
293,"2023-03-01","Harrowing",1,"Summer barley","Main crop","NL","Unifarm","Summer crop"
293,"2023-04-07","Harrowing",1,"Summer barley","Main crop","NL","Unifarm","Summer crop"
293,"2024-03-21","Harrowing",1,"Winter rye","Main crop","NL","Unifarm","Winter crop"
293,"2023-10-03","Ploughing",1,"Winter rye","Main crop","NL","Unifarm","Winter crop"
294,"2023-05-09","Ploughing",1,"Potatoes","Main crop","NL","Unifarm","Summer crop"
295,"2023-06-06","Harrowing",1,"Oat","Main crop","NL","Unifarm","Cover crop"
295,"2023-05-08","Ploughing",1,"Oat","Main crop","NL","Unifarm","Cover crop"
295,"2023-10-02","Ploughing",1,"Oat","Main crop","NL","Unifarm","Cover crop"
296,"2023-03-01","Ploughing",1,"Summer barley","Main crop","NL","Unifarm","Summer crop"
296,"2024-04-24","Ploughing",1,"Summer barley","Main crop","NL","Unifarm","Summer crop"
298,"2024-05-28","Harrowing",1,"Potatoes","Main crop","NL","Unifarm","Summer crop"
298,"2024-08-01","Harrowing",1,"Potatoes","Main crop","NL","Unifarm","Summer crop"
298,"2024-02-02","Ploughing",1,"Potatoes","Main crop","NL","Unifarm","Summer crop"
299,"2024-04-24","Cultivator",1,"Corn silage","Main crop","NL","Unifarm","Summer crop"
299,"2024-06-05","Harrowing",1,"Corn silage","Main crop","NL","Unifarm","Summer crop"
299,"2024-11-08","Ploughing",1,"Corn silage","Main crop","NL","Unifarm","Summer crop"
300,"2024-11-05","Ploughing",1,"Winter wheat","Cover crop","NL","Unifarm","Winter crop"
300,"2024-04-30","Harrowing",1,"Sugar beet","Main crop","NL","Unifarm","Summer crop"
301,"2024-03-21","Cultivator",1,"Summer barley","Main crop","NL","Unifarm","Summer crop"
301,"2024-11-04","Ploughing",1,"Other","Cover crop","NL","Unifarm","Cover crop"
301,"2024-08-06","Sub-soiler",1,"Summer barley","Main crop","NL","Unifarm","Summer crop"
302,"2024-03-21","Cultivator",1,"Corn silage","Main crop","NL","Unifarm","Summer crop"
302,"2024-10-25","Ploughing",1,"Other","Cover crop","NL","Unifarm","Cover crop"
302,"2024-05-02","Harrowing",1,"Corn silage","Main crop","NL","Unifarm","Summer crop"
303,"2023-10-12","Cultivator",1,"Winter wheat","Main crop","NL","Unifarm","Winter crop"
297,"2024-06-06","Harrowing",1,"Corn silage","Main crop","NL","Unifarm","Summer crop"
297,"2024-02-02","Ploughing",1,"Corn silage","Main crop","NL","Unifarm","Summer crop"
300,"2022-10-14","Ploughing",1,"Summer barley","Main crop","NL","Unifarm","Summer crop"
300,"2023-10-06","Ploughing",1,"Summer barley","Main crop","NL","Unifarm","Summer crop"
304,"2024-08-26","Cultivator",1,"Winter wheat","Main crop","NL","Unifarm","Winter crop"
304,"2023-04-19","Harrowing",1,"Sugar beet","Main crop","NL","Unifarm","Summer crop"
304,"2022-10-04","Ploughing",1,"Sugar beet","Main crop","NL","Unifarm","Summer crop"
304,"2023-12-07","Ploughing",1,"Sugar beet","Main crop","NL","Unifarm","Summer crop"
304,"2024-09-20","Harrowing",1,"Winter wheat","Main crop","NL","Unifarm","Winter crop"
305,"2024-08-26","Cultivator",1,"Winter wheat","Main crop","NL","Unifarm","Winter crop"
305,"2023-10-10","Cultivator",1,"Winter wheat","Main crop","NL","Unifarm","Winter crop"
306,"2024-08-26","Cultivator",1,"Winter wheat","Main crop","NL","Unifarm","Winter crop"
306,"2023-10-10","Cultivator",1,"Winter wheat","Main crop","NL","Unifarm","Winter crop"
307,"2024-09-05","Cultivator",1,"Winter wheat","Main crop","NL","Unifarm","Winter crop"
307,"2023-10-10","Cultivator",1,"Winter wheat","Main crop","NL","Unifarm","Winter crop"
308,"2024-04-24","Cultivator",1,"Winter barley","Main crop","NL","Unifarm","Winter crop"
308,"2024-08-27","Cultivator",1,"Winter barley","Main crop","NL","Unifarm","Winter crop"
308,"2024-06-13","Harrowing",1,"Rapeseed","Main crop","NL","Unifarm","Winter crop"
309,"2024-09-05","Cultivator",1,"Winter barley","Main crop","NL","Unifarm","Winter crop"
309,"2023-10-04","Cultivator",1,"Winter barley","Main crop","NL","Unifarm","Winter crop"
310,"2024-09-05","Cultivator",1,"Winter barley","Main crop","NL","Unifarm","Winter crop"
310,"2023-10-04","Cultivator",1,"Winter barley","Main crop","NL","Unifarm","Winter crop"
311,"2024-10-24","Cultivator",1,"Sugar beet","Main crop","NL","Unifarm","Summer crop"
311,"2024-04-10","Harrowing",1,"Sugar beet","Main crop","NL","Unifarm","Summer crop"
312,"2024-10-24","Cultivator",1,"Sugar beet","Main crop","NL","Unifarm","Summer crop"
312,"2022-10-25","Ploughing",1,"Corn silage","Main crop","NL","Unifarm","Summer crop"
312,"2024-04-10","Harrowing",1,"Sugar beet","Main crop","NL","Unifarm","Summer crop"
312,"2023-05-24","Harrowing",1,"Corn silage","Main crop","NL","Unifarm","Summer crop"
312,"2023-06-08","Harrowing",1,"Corn silage","Main crop","NL","Unifarm","Summer crop"
313,"2024-10-24","Cultivator",1,"Sugar beet","Main crop","NL","Unifarm","Summer crop"
313,"2022-11-15","Ploughing",1,"Corn silage","Main crop","NL","Unifarm","Summer crop"
313,"2024-04-11","Harrowing",1,"Sugar beet","Main crop","NL","Unifarm","Summer crop"
313,"2023-05-24","Harrowing",1,"Corn silage","Main crop","NL","Unifarm","Summer crop"
313,"2023-06-08","Harrowing",1,"Corn silage","Main crop","NL","Unifarm","Summer crop"
314,"2024-10-24","Cultivator",1,"Sugar beet","Main crop","NL","Unifarm","Summer crop"
314,"2024-01-19","Ploughing",1,"Mixture","Cover crop","NL","Unifarm","Cover crop"
314,"2024-11-05","Ploughing",1,"Sugar beet","Main crop","NL","Unifarm","Summer crop"
314,"2024-04-15","Harrowing",1,"Sugar beet","Main crop","NL","Unifarm","Summer crop"
319,"2024-09-24","Cultivator",1,"Fodder radish","Cover crop","NL","Unifarm","Cover crop"
319,"2024-04-08","Ploughing",1,"Sugar beet","Main crop","NL","Unifarm","Summer crop"
319,"2023-04-05","Ploughing",1,"Summer wheat","Main crop","NL","Unifarm","Summer crop"
320,"2023-05-17","Harrowing",1,"Corn silage","Main crop","NL","Unifarm","Summer crop"
320,"2023-04-12","Ploughing",1,"Corn silage","Main crop","NL","Unifarm","Summer crop"
322,"2024-05-21","Harrowing",1,"Corn silage","Main crop","NL","Unifarm","Summer crop"
322,"2023-05-04","Harrowing",1,"Faba bean","Main crop","NL","Unifarm","Summer crop"
322,"2024-04-29","Ploughing",1,"Corn silage","Main crop","NL","Unifarm","Summer crop"
322,"2023-04-12","Ploughing",1,"Faba bean","Main crop","NL","Unifarm","Summer crop"
321,"2024-08-08","Harrowing",1,"Winter barley","Main crop","NL","Unifarm","Winter crop"
321,"2023-04-12","Ploughing",1,"Lupine","Main crop","NL","Unifarm","Summer crop"
323,"2023-07-12","Cultivator",1,"Winter barley","Main crop","NL","Unifarm","Winter crop"
323,"2024-09-24","Harrowing",1,"Mixture","Cover crop","NL","Unifarm","Cover crop"
323,"2024-04-29","Ploughing",1,"Corn silage","Main crop","NL","Unifarm","Summer crop"
324,"2024-05-28","Harrowing",1,"Potatoes","Main crop","NL","Unifarm","Summer crop"
324,"2022-10-28","Ploughing",1,"Winter wheat","Main crop","NL","Unifarm","Winter crop"
324,"2024-04-29","Ploughing",1,"Potatoes","Main crop","NL","Unifarm","Summer crop"
324,"2024-11-06","Sub-soiler",1,"Other","Cover crop","NL","Unifarm","Cover crop"
325,"2024-06-10","Harrowing",1,"Potatoes","Main crop","NL","Unifarm","Summer crop"
325,"2024-11-07","Ploughing",1,"Potatoes","Main crop","NL","Unifarm","Summer crop"
326,"2024-01-18","Ploughing",1,"Winter wheat","Main crop","NL","Unifarm","Winter crop"
326,"2023-05-19","Harrowing",1,"Corn silage","Main crop","NL","Unifarm","Summer crop"
326,"2024-08-06","Sub-soiler",1,"Other","Cover crop","NL","Unifarm","Cover crop"
326,"2022-10-28","Sub-soiler",1,"Sugar beet","Main crop","NL","Unifarm","Summer crop"
327,"2024-05-14","Harrowing",1,"Sugar beet","Main crop","NL","Unifarm","Summer crop"
327,"2024-01-09","Cultivator",1,"Other","Cover crop","NL","Unifarm","Cover crop"
327,"2024-10-07","Cultivator",1,"Sugar beet","Main crop","NL","Unifarm","Summer crop"
327,"2024-10-17","Ploughing",1,"Other","Cover crop","NL","Unifarm","Cover crop"
327,"2022-10-27","Ploughing",1,"Sugar beet","Main crop","NL","Unifarm","Summer crop"
328,"2023-02-07","Harrowing",1,"Sugar beet","Main crop","NL","Unifarm","Summer crop"
328,"2023-04-12","Ploughing",1,"Sugar beet","Main crop","NL","Unifarm","Summer crop"
328,"2024-05-27","Harrowing",1,"Potatoes","Main crop","NL","Unifarm","Summer crop"
328,"2024-11-07","Harrowing",1,"Potatoes","Main crop","NL","Unifarm","Summer crop"
328,"2024-03-14","Ploughing",1,"Potatoes","Main crop","NL","Unifarm","Summer crop"
329,"2023-07-24","Harrowing",1,"Winter wheat","Main crop","NL","Unifarm","Winter crop"
329,"2024-06-26","Harrowing",1,"Corn","Main crop","NL","Unifarm","Summer crop"
329,"2024-05-13","Ploughing",1,"Other","Cover crop","NL","Unifarm","Cover crop"
330,"2023-07-24","Harrowing",1,"Winter wheat","Main crop","NL","Unifarm","Winter crop"
330,"2024-05-13","Ploughing",1,"Other","Cover crop","NL","Unifarm","Cover crop"
331,"2024-03-22","Cultivator",1,"Corn silage","Main crop","NL","Unifarm","Summer crop"
331,"2024-08-29","Cultivator",1,"Corn silage","Main crop","NL","Unifarm","Summer crop"
331,"2024-07-17","Harrowing",1,"Corn silage","Main crop","NL","Unifarm","Summer crop"
331,"2023-05-17","Harrowing",1,"Corn silage","Main crop","NL","Unifarm","Summer crop"
331,"2024-05-14","Ploughing",1,"Corn silage","Main crop","NL","Unifarm","Summer crop"
332,"2023-07-24","Harrowing",1,"Winter wheat","Main crop","NL","Unifarm","Winter crop"
332,"2024-05-13","Ploughing",1,"Corn","Main crop","NL","Unifarm","Summer crop"
333,"2024-03-21","Cultivator",1,"Summer barley","Main crop","NL","Unifarm","Summer crop"
333,"2024-08-29","Cultivator",1,"Mixture","Cover crop","NL","Unifarm","Cover crop"
333,"2024-07-17","Harrowing",1,"Summer barley","Main crop","NL","Unifarm","Summer crop"
333,"2024-05-14","Ploughing",1,"Summer barley","Main crop","NL","Unifarm","Summer crop"
334,"2024-03-21","Cultivator",1,"Summer barley","Main crop","NL","Unifarm","Summer crop"
334,"2024-08-29","Cultivator",1,"Mixture","Cover crop","NL","Unifarm","Cover crop"
334,"2024-07-17","Harrowing",1,"Summer barley","Main crop","NL","Unifarm","Summer crop"
334,"2024-05-14","Ploughing",1,"Summer barley","Main crop","NL","Unifarm","Summer crop"
333,"2023-05-01","Ploughing",1,"Potatoes","Main crop","NL","Unifarm","Summer crop"
334,"2023-05-17","Harrowing",1,"Corn silage","Main crop","NL","Unifarm","Summer crop"
335,"2023-11-23","Harrowing",1,"Winter barley","Main crop","NL","Unifarm","Winter crop"
338,"2024-01-18","Cultivator",1,"Ryegrass","Main crop","NL","Unifarm","Cover crop"
338,"2024-06-06","Harrowing",1,"Ryegrass","Main crop","NL","Unifarm","Cover crop"
339,"2024-08-27","Ploughing",1,"Other","Cover crop","NL","Unifarm","Cover crop"
340,"2023-09-25","Harrowing",1,"Corn silage","Main crop","NL","Unifarm","Summer crop"
340,"2023-05-16","Ploughing",1,"Corn silage","Main crop","NL","Unifarm","Summer crop"
340,"2023-05-25","Harrowing",1,"Corn silage","Main crop","NL","Unifarm","Summer crop"
341,"2024-08-27","Ploughing",1,"Other","Cover crop","NL","Unifarm","Cover crop"
342,"2024-01-18","Cultivator",1,"Ryegrass","Main crop","NL","Unifarm","Cover crop"
345,"2023-07-12","Cultivator",1,"Winter barley","Main crop","NL","Unifarm","Winter crop"
345,"2024-09-24","Harrowing",1,"Mixture","Cover crop","NL","Unifarm","Cover crop"
345,"2024-04-29","Ploughing",1,"Corn silage","Main crop","NL","Unifarm","Summer crop"
345,"2023-08-15","Ploughing",1,"Winter barley","Main crop","NL","Unifarm","Winter crop"
345,"2023-09-06","Ploughing",1,"Winter barley","Main crop","NL","Unifarm","Winter crop"
88,"2023-09-04","Harrowing",1,"Rapeseed","Main crop","IT","Vallevecchia","Winter crop"
85,"2024-11-18","Ploughing",1,"Other","Cover crop","IT","Vallevecchia","Cover crop"
39,"2024-06-18","Harrowing",1,"Soybean","Main crop","IT","Vallevecchia","Summer crop"
41,"2024-06-18","Harrowing",1,"Soybean","Main crop","IT","Vallevecchia","Summer crop"
40,"2024-06-18","Harrowing",1,"Soybean","Main crop","IT","Vallevecchia","Summer crop"
40,"2024-11-18","Ploughing",1,"Other","Cover crop","IT","Vallevecchia","Cover crop"
89,"2023-09-05","Harrowing",1,"Rapeseed","Main crop","IT","Vallevecchia","Winter crop"
84,"2023-09-05","Harrowing",1,"Rapeseed","Main crop","IT","Vallevecchia","Winter crop"
84,"2024-12-06","Harrowing",1,"Other","Cover crop","IT","Vallevecchia","Cover crop"
85,"2023-09-05","Harrowing",1,"Rapeseed","Main crop","IT","Vallevecchia","Winter crop"
95,"2024-11-05","Ploughing",1,"Winter wheat","Main crop","IT","Vallevecchia","Winter crop"
95,"2023-09-06","Ploughing",1,"Rapeseed","Main crop","IT","Vallevecchia","Winter crop"
95,"2024-04-18","Harrowing",1,"Corn","Main crop","IT","Vallevecchia","Summer crop"
86,"2023-09-07","Harrowing",1,"Rapeseed","Main crop","IT","Vallevecchia","Winter crop"
87,"2023-09-07","Harrowing",1,"Rapeseed","Main crop","IT","Vallevecchia","Winter crop"
87,"2024-11-04","Ploughing",1,"Winter wheat","Main crop","IT","Vallevecchia","Winter crop"
86,"2024-11-04","Ploughing",1,"Winter wheat","Main crop","IT","Vallevecchia","Winter crop"
98,"2024-06-17","Harrowing",1,"Soybean","Main crop","IT","Vallevecchia","Summer crop"
99,"2024-06-17","Harrowing",1,"Soybean","Main crop","IT","Vallevecchia","Summer crop"
97,"2024-11-15","Ploughing",1,"Other","Cover crop","IT","Vallevecchia","Cover crop"
97,"2024-06-17","Harrowing",1,"Soybean","Main crop","IT","Vallevecchia","Summer crop"
83,"2024-11-07","Harrowing",1,"Winter wheat","Main crop","IT","Vallevecchia","Winter crop"
83,"2023-09-07","Harrowing",1,"Rapeseed","Main crop","IT","Vallevecchia","Winter crop"
83,"2023-08-22","Harrowing",1,"Rapeseed","Main crop","IT","Vallevecchia","Winter crop"
124,"2024-05-11","Harrowing",1,"Corn","Main crop","IT","Vallevecchia","Summer crop"
124,"2024-02-06","Harrowing",1,"Corn","Main crop","IT","Vallevecchia","Summer crop"
124,"2024-03-23","Harrowing",1,"Corn","Main crop","IT","Vallevecchia","Summer crop"
124,"2024-11-06","Ploughing",1,"Winter wheat","Main crop","IT","Vallevecchia","Winter crop"
124,"2024-04-15","Harrowing",1,"Corn","Main crop","IT","Vallevecchia","Summer crop"
125,"2024-11-08","Harrowing",1,"Winter wheat","Main crop","IT","Vallevecchia","Winter crop"
125,"2024-04-18","Harrowing",1,"Corn","Main crop","IT","Vallevecchia","Summer crop"
125,"2024-05-11","Harrowing",1,"Corn","Main crop","IT","Vallevecchia","Summer crop"
126,"2024-04-18","Harrowing",1,"Corn","Main crop","IT","Vallevecchia","Summer crop"
126,"2024-05-12","Harrowing",1,"Corn","Main crop","IT","Vallevecchia","Summer crop"
126,"2024-11-07","Harrowing",1,"Winter wheat","Main crop","IT","Vallevecchia","Winter crop"
65,"2024-05-12","Harrowing",1,"Corn","Main crop","IT","Vallevecchia","Summer crop"
65,"2024-11-07","Harrowing",1,"Winter wheat","Main crop","IT","Vallevecchia","Winter crop"
65,"2024-04-18","Harrowing",1,"Corn","Main crop","IT","Vallevecchia","Summer crop"
5,"2024-03-23","Harrowing",1,"Corn","Main crop","IT","Vallevecchia","Summer crop"
5,"2023-03-06","Harrowing",1,"Soybean","Main crop","IT","Vallevecchia","Summer crop"
5,"2024-11-06","Ploughing",1,"Winter wheat","Main crop","IT","Vallevecchia","Winter crop"
5,"2024-05-12","Harrowing",1,"Corn","Main crop","IT","Vallevecchia","Summer crop"
5,"2023-04-19","Harrowing",1,"Soybean","Main crop","IT","Vallevecchia","Summer crop"
5,"2024-02-06","Harrowing",1,"Corn","Main crop","IT","Vallevecchia","Summer crop"
5,"2023-05-26","Harrowing",1,"Soybean","Main crop","IT","Vallevecchia","Summer crop"
17,"2024-02-06","Harrowing",1,"Corn","Main crop","IT","Vallevecchia","Summer crop"
17,"2024-11-06","Ploughing",1,"Winter wheat","Main crop","IT","Vallevecchia","Winter crop"
17,"2024-04-17","Harrowing",1,"Corn","Main crop","IT","Vallevecchia","Summer crop"
17,"2024-03-23","Harrowing",1,"Corn","Main crop","IT","Vallevecchia","Summer crop"
17,"2024-05-10","Harrowing",1,"Corn","Main crop","IT","Vallevecchia","Summer crop"
70,"2024-05-14","Harrowing",1,"Corn","Main crop","IT","Vallevecchia","Summer crop"
70,"2024-04-17","Harrowing",1,"Corn","Main crop","IT","Vallevecchia","Summer crop"
70,"2023-06-16","Harrowing",1,"Soybean","Main crop","IT","Vallevecchia","Summer crop"
70,"2024-11-13","Harrowing",1,"Winter wheat","Main crop","IT","Vallevecchia","Winter crop"
131,"2024-06-17","Harrowing",1,"Soybean","Main crop","IT","Vallevecchia","Summer crop"
131,"2024-11-20","Ploughing",1,"Soybean","Main crop","IT","Vallevecchia","Summer crop"
131,"2024-12-05","Ploughing",1,"Soybean","Main crop","IT","Vallevecchia","Summer crop"
129,"2024-06-17","Harrowing",1,"Soybean","Main crop","IT","Vallevecchia","Summer crop"
130,"2024-06-17","Harrowing",1,"Soybean","Main crop","IT","Vallevecchia","Summer crop"
104,"2024-11-09","Ploughing",1,"Other","Cover crop","IT","Vallevecchia","Cover crop"
104,"2024-06-17","Harrowing",1,"Soybean","Main crop","IT","Vallevecchia","Summer crop"
103,"2024-06-08","Harrowing",1,"Soybean","Main crop","IT","Vallevecchia","Summer crop"
103,"2024-06-21","Harrowing",1,"Soybean","Main crop","IT","Vallevecchia","Summer crop"
128,"2024-06-17","Harrowing",1,"Soybean","Main crop","IT","Vallevecchia","Summer crop"
30,"2023-11-26","Harrowing",1,"Winter wheat","Main crop","IT","Vallevecchia","Winter crop"
30,"2024-09-02","Harrowing",1,"Rapeseed","Main crop","IT","Vallevecchia","Winter crop"
30,"2024-09-21","Harrowing",1,"Rapeseed","Main crop","IT","Vallevecchia","Winter crop"
30,"2023-06-09","Harrowing",1,"Soybean","Main crop","IT","Vallevecchia","Summer crop"
51,"2024-09-03","Harrowing",1,"Rapeseed","Main crop","IT","Vallevecchia","Winter crop"
51,"2023-11-26","Harrowing",1,"Winter wheat","Main crop","IT","Vallevecchia","Winter crop"
51,"2024-09-22","Harrowing",1,"Rapeseed","Main crop","IT","Vallevecchia","Winter crop"
50,"2024-09-03","Harrowing",1,"Rapeseed","Main crop","IT","Vallevecchia","Winter crop"
50,"2024-09-22","Harrowing",1,"Rapeseed","Main crop","IT","Vallevecchia","Winter crop"
50,"2023-11-25","Harrowing",1,"Winter wheat","Main crop","IT","Vallevecchia","Winter crop"
34,"2023-05-30","Harrowing",1,"Soybean","Main crop","IT","Vallevecchia","Summer crop"
34,"2023-11-24","Harrowing",1,"Winter wheat","Main crop","IT","Vallevecchia","Winter crop"
34,"2024-09-21","Harrowing",1,"Rapeseed","Main crop","IT","Vallevecchia","Winter crop"
34,"2024-08-26","Ploughing",1,"Rapeseed","Main crop","IT","Vallevecchia","Winter crop"
36,"2024-09-21","Harrowing",1,"Rapeseed","Main crop","IT","Vallevecchia","Winter crop"
36,"2023-06-03","Harrowing",1,"Soybean","Main crop","IT","Vallevecchia","Summer crop"
36,"2024-08-26","Ploughing",1,"Rapeseed","Main crop","IT","Vallevecchia","Winter crop"
36,"2023-11-24","Harrowing",1,"Winter wheat","Main crop","IT","Vallevecchia","Winter crop"
44,"2023-03-03","Harrowing",1,"Corn","Main crop","IT","Vallevecchia","Summer crop"
44,"2024-09-21","Harrowing",1,"Rapeseed","Main crop","IT","Vallevecchia","Winter crop"
44,"2023-11-25","Harrowing",1,"Winter wheat","Main crop","IT","Vallevecchia","Winter crop"
44,"2023-06-09","Harrowing",1,"Sorghum","Main crop","IT","Vallevecchia","Summer crop"
44,"2024-08-26","Ploughing",1,"Rapeseed","Main crop","IT","Vallevecchia","Winter crop"
44,"2023-02-22","Ploughing",1,"Corn","Main crop","IT","Vallevecchia","Summer crop"
44,"2023-04-29","Harrowing",1,"Corn","Main crop","IT","Vallevecchia","Summer crop"
44,"2023-04-12","Harrowing",1,"Corn","Main crop","IT","Vallevecchia","Summer crop"
29,"2023-11-29","Harrowing",1,"Winter wheat","Main crop","IT","Vallevecchia","Winter crop"
29,"2023-06-16","Harrowing",1,"Sorghum","Main crop","IT","Vallevecchia","Summer crop"
91,"2023-08-22","Harrowing",1,"Rapeseed","Main crop","IT","Vallevecchia","Winter crop"
91,"2023-09-18","Harrowing",1,"Rapeseed","Main crop","IT","Vallevecchia","Winter crop"
91,"2024-11-20","Ploughing",1,"Sorghum","Main crop","IT","Vallevecchia","Summer crop"
29,"2024-11-19","Ploughing",1,"Winter wheat","Main crop","IT","Vallevecchia","Winter crop"
26,"2023-05-07","Harrowing",1,"Corn","Main crop","IT","Vallevecchia","Summer crop"
55,"2024-11-08","Harrowing",1,"Winter wheat","Main crop","IT","Vallevecchia","Winter crop"
55,"2023-11-27","Harrowing",1,"Winter wheat","Main crop","IT","Vallevecchia","Winter crop"
55,"2023-05-07","Harrowing",1,"Corn","Main crop","IT","Vallevecchia","Summer crop"
56,"2023-05-07","Harrowing",1,"Corn","Main crop","IT","Vallevecchia","Summer crop"
27,"2023-05-07","Harrowing",1,"Corn","Main crop","IT","Vallevecchia","Summer crop"
26,"2024-11-14","Ploughing",1,"Other","Cover crop","IT","Vallevecchia","Cover crop"
56,"2023-05-22","Harrowing",1,"Corn","Main crop","IT","Vallevecchia","Summer crop"
55,"2023-05-22","Harrowing",1,"Corn","Main crop","IT","Vallevecchia","Summer crop"
27,"2023-05-22","Harrowing",1,"Corn","Main crop","IT","Vallevecchia","Summer crop"
26,"2023-05-22","Harrowing",1,"Corn","Main crop","IT","Vallevecchia","Summer crop"
46,"2023-04-28","Harrowing",1,"Corn","Main crop","IT","Vallevecchia","Summer crop"
46,"2023-02-16","Ploughing",1,"Corn","Main crop","IT","Vallevecchia","Summer crop"
46,"2023-11-23","Harrowing",1,"Winter wheat","Main crop","IT","Vallevecchia","Winter crop"
46,"2024-12-02","Ploughing",1,"Winter wheat","Main crop","IT","Vallevecchia","Winter crop"
47,"2023-02-16","Ploughing",1,"Corn","Main crop","IT","Vallevecchia","Summer crop"
47,"2023-11-23","Harrowing",1,"Winter wheat","Main crop","IT","Vallevecchia","Winter crop"
47,"2023-04-28","Harrowing",1,"Corn","Main crop","IT","Vallevecchia","Summer crop"
53,"2023-04-11","Harrowing",1,"Corn","Main crop","IT","Vallevecchia","Summer crop"
53,"2023-11-23","Harrowing",1,"Winter wheat","Main crop","IT","Vallevecchia","Winter crop"
53,"2023-03-14","Harrowing",1,"Corn","Main crop","IT","Vallevecchia","Summer crop"
53,"2023-04-28","Harrowing",1,"Corn","Main crop","IT","Vallevecchia","Summer crop"
53,"2023-03-01","Harrowing",1,"Corn","Main crop","IT","Vallevecchia","Summer crop"
45,"2023-11-23","Harrowing",1,"Winter wheat","Main crop","IT","Vallevecchia","Winter crop"
45,"2023-04-28","Harrowing",1,"Corn","Main crop","IT","Vallevecchia","Summer crop"
45,"2023-02-16","Ploughing",1,"Corn","Main crop","IT","Vallevecchia","Summer crop"
45,"2024-11-19","Ploughing",1,"Winter wheat","Main crop","IT","Vallevecchia","Winter crop"
45,"2023-04-05","Harrowing",1,"Corn","Main crop","IT","Vallevecchia","Summer crop"
47,"2024-11-19","Ploughing",1,"Winter wheat","Main crop","IT","Vallevecchia","Winter crop"
47,"2023-04-05","Harrowing",1,"Corn","Main crop","IT","Vallevecchia","Summer crop"
47,"2023-03-03","Harrowing",1,"Corn","Main crop","IT","Vallevecchia","Summer crop"
46,"2024-11-19","Ploughing",1,"Winter wheat","Main crop","IT","Vallevecchia","Winter crop"
46,"2023-04-05","Harrowing",1,"Corn","Main crop","IT","Vallevecchia","Summer crop"
46,"2023-03-03","Harrowing",1,"Corn","Main crop","IT","Vallevecchia","Summer crop"
45,"2024-11-10","Ploughing",1,"Winter wheat","Main crop","IT","Vallevecchia","Winter crop"
16,"2024-05-27","Harrowing",1,"Corn","Main crop","IT","Vallevecchia","Summer crop"
16,"2023-04-05","Ploughing",1,"Soybean","Main crop","IT","Vallevecchia","Summer crop"
16,"2024-05-14","Harrowing",1,"Corn","Main crop","IT","Vallevecchia","Summer crop"
16,"2024-11-13","Harrowing",1,"Winter wheat","Main crop","IT","Vallevecchia","Winter crop"
16,"2024-02-05","Harrowing",1,"Corn","Main crop","IT","Vallevecchia","Summer crop"
16,"2023-05-29","Harrowing",1,"Soybean","Main crop","IT","Vallevecchia","Summer crop"
16,"2024-04-17","Harrowing",1,"Corn","Main crop","IT","Vallevecchia","Summer crop"
14,"2024-05-14","Harrowing",1,"Corn","Main crop","IT","Vallevecchia","Summer crop"
14,"2024-05-27","Harrowing",1,"Corn","Main crop","IT","Vallevecchia","Summer crop"
14,"2024-04-20","Harrowing",1,"Corn","Main crop","IT","Vallevecchia","Summer crop"
14,"2023-05-29","Harrowing",1,"Soybean","Main crop","IT","Vallevecchia","Summer crop"
14,"2023-04-05","Ploughing",1,"Soybean","Main crop","IT","Vallevecchia","Summer crop"
14,"2024-11-13","Harrowing",1,"Winter wheat","Main crop","IT","Vallevecchia","Winter crop"
15,"2023-04-06","Ploughing",1,"Soybean","Main crop","IT","Vallevecchia","Summer crop"
15,"2024-05-27","Harrowing",1,"Corn","Main crop","IT","Vallevecchia","Summer crop"
15,"2024-05-14","Harrowing",1,"Corn","Main crop","IT","Vallevecchia","Summer crop"
15,"2024-02-05","Harrowing",1,"Corn","Main crop","IT","Vallevecchia","Summer crop"
15,"2023-05-30","Harrowing",1,"Soybean","Main crop","IT","Vallevecchia","Summer crop"
15,"2024-11-13","Harrowing",1,"Winter wheat","Main crop","IT","Vallevecchia","Winter crop"
15,"2024-04-18","Harrowing",1,"Corn","Main crop","IT","Vallevecchia","Summer crop"
112,"2023-08-25","Harrowing",1,"Rapeseed","Main crop","IT","Vallevecchia","Winter crop"
112,"2023-09-14","Harrowing",1,"Rapeseed","Main crop","IT","Vallevecchia","Winter crop"
20,"2023-05-07","Harrowing",1,"Corn","Main crop","IT","Vallevecchia","Summer crop"
20,"2023-04-04","Harrowing",1,"Corn","Main crop","IT","Vallevecchia","Summer crop"
20,"2023-11-29","Harrowing",1,"Winter wheat","Main crop","IT","Vallevecchia","Winter crop"
20,"2023-02-23","Harrowing",1,"Corn","Main crop","IT","Vallevecchia","Summer crop"
23,"2023-05-07","Harrowing",1,"Corn","Main crop","IT","Vallevecchia","Summer crop"
23,"2023-03-02","Harrowing",1,"Corn","Main crop","IT","Vallevecchia","Summer crop"
23,"2023-04-04","Harrowing",1,"Corn","Main crop","IT","Vallevecchia","Summer crop"
94,"2024-12-03","Ploughing",1,"Soybean","Main crop","IT","Vallevecchia","Summer crop"
101,"2024-06-22","Harrowing",1,"Soybean","Main crop","IT","Vallevecchia","Summer crop"
101,"2024-07-01","Harrowing",1,"Soybean","Main crop","IT","Vallevecchia","Summer crop"
94,"2024-06-22","Harrowing",1,"Soybean","Main crop","IT","Vallevecchia","Summer crop"
93,"2024-06-21","Harrowing",1,"Soybean","Main crop","IT","Vallevecchia","Summer crop"
60,"2023-05-07","Harrowing",1,"Corn","Main crop","IT","Vallevecchia","Summer crop"
60,"2023-02-20","Ploughing",1,"Corn","Main crop","IT","Vallevecchia","Summer crop"
60,"2024-12-04","Ploughing",1,"Soybean","Main crop","IT","Vallevecchia","Summer crop"
60,"2023-03-08","Harrowing",1,"Corn","Main crop","IT","Vallevecchia","Summer crop"
60,"2024-06-29","Harrowing",1,"Soybean","Main crop","IT","Vallevecchia","Summer crop"
60,"2023-04-12","Harrowing",1,"Corn","Main crop","IT","Vallevecchia","Summer crop"
60,"2024-06-21","Harrowing",1,"Soybean","Main crop","IT","Vallevecchia","Summer crop"
93,"2024-12-03","Ploughing",1,"Soybean","Main crop","IT","Vallevecchia","Summer crop"
31,"2024-04-22","Harrowing",1,"Corn","Main crop","IT","Vallevecchia","Summer crop"
31,"2024-02-01","Harrowing",1,"Corn","Main crop","IT","Vallevecchia","Summer crop"
31,"2023-05-24","Harrowing",1,"Soybean","Main crop","IT","Vallevecchia","Summer crop"
31,"2024-03-22","Harrowing",1,"Corn","Main crop","IT","Vallevecchia","Summer crop"
31,"2024-11-05","Ploughing",1,"Winter wheat","Main crop","IT","Vallevecchia","Winter crop"
31,"2024-05-12","Harrowing",1,"Corn","Main crop","IT","Vallevecchia","Summer crop"
38,"2024-11-05","Ploughing",1,"Winter wheat","Main crop","IT","Vallevecchia","Winter crop"
38,"2024-04-22","Harrowing",1,"Corn","Main crop","IT","Vallevecchia","Summer crop"
38,"2024-05-12","Harrowing",1,"Corn","Main crop","IT","Vallevecchia","Summer crop"
38,"2024-03-22","Harrowing",1,"Corn","Main crop","IT","Vallevecchia","Summer crop"
38,"2023-05-23","Harrowing",1,"Soybean","Main crop","IT","Vallevecchia","Summer crop"
38,"2024-02-01","Harrowing",1,"Corn","Main crop","IT","Vallevecchia","Summer crop"
